Username,Id,Contributions,JavaScript,Python,Java,C#,PHP,TypeScript,Ruby,C++,C,Swift,Go,Shell,Kotlin,Rust,PowerShell,Objective-C,R,MATLAB,Dart,Vue,Assembly,Sass,CSS,HTML,Pascal,Racket,Zig,Other,cluster
mojombo,2.0,79.0,0.3433626477264529,0.0,0.0,0.0,0.0,0.44719906567560247,0.1617883696687519,0.0,0.0,0.0,0.0,0.0014064704961838314,0.0,0.0,0.0,0.0,0.0,0.0,0.0,0.0,0.0,0.0,0.0013519264167258288,0.0030394818974647984,0.0,0.0,0.0,0.04185203811881826,10.0
defunkt,2.0,1.0,0.7188004977992452,0.0,0.0,0.0,0.0,0.0,0.07330438496516543,0.0,0.0,0.0,0.05594019797515276,0.007444066585093123,0.0,0.0,0.0,0.0,0.0,0.0,0.0,0.0,0.0,0.0,0.0009978127333628878,0.0037327146759244894,0.0,0.0,0.0,0.1397803252660561,14.0
wycats,1.0,358.0,0.516904039832176,0.0,0.0,0.0,0.0,0.41126048517157276,0.0001456677612150405,0.0,0.0,0.0,0.0,0.0003533055258881602,0.0,0.0,0.0,0.0,0.0,0.0,0.0,0.0,0.0,0.0,0.0033113403576204743,0.06755694354762204,0.0,0.0,0.0,0.0004682178039054873,14.0
brynary,1.0,3483.0,0.011735130821398775,0.0,0.0,0.0,0.0,0.0,0.9577984125722188,0.0,0.0,0.0,0.0,0.009236345997667265,0.0,0.0,0.0,0.0,0.0,0.0,0.0,0.0,0.0,0.0,0.0,0.018068136417750933,0.0,0.0,0.0,0.0031619741909643217,6.0
kevinclark,1.0,18.0,0.0,0.0,0.0,0.0,0.0,0.0,0.22781594201373911,0.022539108114078922,0.0,0.0,0.0,0.48163207338754643,0.0,0.22231398003303282,0.0,0.0,0.0,0.0,0.0,0.0,0.0,0.0,0.0,0.0,0.0,0.0,0.0,0.04569889645160272,15.0
technoweenie,1.0,1.0,0.0,0.0,0.0,0.0,0.0,0.0,0.12785818372501126,0.0,0.0,0.0,0.5557554118835277,0.30151388231294995,0.0,0.0,0.0,0.0,0.0,0.0,0.0,0.0,0.0,0.0,0.0,0.0,0.0,0.0,0.0,0.014872522078511032,4.0
macournoyer,2.0,366.0,0.0001227372394736231,0.0,0.05236899458297535,0.0,0.0,0.0,0.7955181004255997,0.0,0.10426362632149859,0.0,0.0,0.001250592953555565,0.0,0.0,0.0,0.0,0.0,0.0,0.0,0.0,0.0,0.0,0.0018327655353831559,0.016931104601983035,0.0,0.0,0.0,0.027712078339531012,6.0
caged,2.0,417.0,0.5739185419378836,0.0,0.0,0.0,0.0,0.01911102845452855,0.01385902919843779,0.0,0.0,0.0,0.0,0.028506602194532268,0.0,0.0,0.0,0.0,0.0,0.0,0.0,0.0,0.0,0.0,0.0004389064534126837,0.003035149711735168,0.0,0.0,0.0,0.36113074204947,14.0
topfunky,2.0,420.0,0.0,0.0,0.0,0.0,0.0,0.0,0.6986678823101418,0.0,0.0,0.0,0.0,0.0045272239763219,0.0,0.0,0.0,0.0,0.10720717888373388,0.0,0.0,0.0,0.0,0.0,0.0,0.18812681616686053,0.0,0.0,0.0,0.0014708986629418871,6.0
lukas,1.0,5.0,0.008391086158539106,0.1835262752042735,0.0,0.0,0.0,0.0,0.02496405905261852,0.0,0.0,0.0,0.0,0.0027852713876003123,0.0,0.0,0.0,0.0,0.0,0.0,0.0,0.0,0.0,0.0,0.00024933652159740786,0.00603516009837238,0.0,0.0,0.0,0.7740488115769988,24.0
jasonm,2.0,463.0,0.001668450080622102,0.0,0.0,0.0,0.0,0.16591055810539534,0.0,0.0,0.0,0.0,0.0,0.00024466670793574994,0.0,0.0,0.0,0.0,0.0,0.0,0.0,0.0,0.0,0.0,0.0,0.0,0.0,0.0,0.0,0.8321763251060468,24.0
antage,1.0,18.0,0.0,0.0,0.0,0.0,0.0,0.0,0.001520670469366784,0.027004131272339044,0.9518514271047508,0.0,0.006120909116559403,0.0,0.0,0.0063789429804322045,0.0,0.0,0.0,0.0,0.0,0.0,0.0059841557195686144,0.0,0.0,0.0,0.0,0.0,0.0,0.0011397633369831246,21.0
matthewd,1.0,196.0,0.04398902183959341,0.0,0.0,0.0,0.0,0.0,0.8538068501285399,1.3677843065919408e-05,0.004122766632514547,0.0,0.0,0.0005298080645641256,0.0,0.0,0.0,0.0,0.0,0.0,0.0,0.0,0.0,0.0,0.0035016258739296044,0.004658653738441303,0.0,0.0,0.0,0.08937759587935122,6.0
joao,1.0,899.0,0.07913191994664137,0.02347933702679883,0.0,0.0,0.2159231543274847,0.0,0.3357468086993064,0.0,0.0,0.0,0.0,0.0005918026656180001,0.0,0.0,0.0,0.0,0.0,0.0,0.0,0.0,0.0,0.0,0.02000755656823851,0.27598630564776366,0.0,0.0,0.0,0.04913311511814849,6.0
bloodearnest,2.0,1809.0,0.24193489107164187,0.5891492010695285,0.0,0.0,0.0,0.0,0.0,0.0,0.0,0.0,0.0,0.0029207593285124917,0.0,0.0,0.0,0.0,0.0,0.0,0.0,0.0,0.0,0.0,0.14923667453805373,0.0,0.0,0.0,0.0,0.016758473992263375,3.0
btbytes,2.0,97.0,0.015465052811000775,0.2621972823640943,0.0,0.0,0.0,0.0,0.0,0.0,0.0,0.0,0.0,0.0,0.0,0.019266678796119853,0.0,0.0,0.0,0.0,0.0,0.0,0.0,0.0,0.45051661894684425,0.002978099953078168,0.0,0.0,0.0,0.24957626712886266,14.0
JamesHarrison,2.0,8.0,0.0,0.3823561064856033,0.0,0.0,0.0,0.0,0.0,0.0,0.0,0.0,0.0,0.0,0.0,0.6176438935143966,0.0,0.0,0.0,0.0,0.0,0.0,0.0,0.0,0.0,0.0,0.0,0.0,0.0,0.0,18.0
djanowski,2.0,684.0,0.028570294672090484,0.0,0.0,0.0,0.0,0.0,0.9556265502530013,0.0,0.0,0.0,0.0,0.0049667625756523465,0.0,0.0,0.0,0.0,0.0,0.0,0.0,0.0,0.0,0.0,0.001117174322849489,0.00035519396765552137,0.0,0.0,0.0,0.009364024208750868,6.0
benatkin,1.0,366.0,0.07042857466814273,0.0,0.0,0.0,0.0,0.7249774776167711,0.005974358498617734,0.0,0.0,0.0,0.0,0.0,0.0,0.0,0.0,0.0,0.0,0.0,0.0,0.1385605877878175,0.0,0.0,0.040938168069548295,0.01912083335910265,0.0,0.0,0.0,0.0,10.0
supaspoida,1.0,30.0,0.0068157351101283134,0.0,0.0,0.0,0.0,0.0,0.9400804504058891,0.0,0.0,0.0,0.0,0.0006437487270505398,0.0,0.0,0.0,0.0,0.0,0.0,0.0,0.0,0.0,0.0,0.0,0.0,0.0,0.0,0.0,0.05246006575693212,6.0
geemus,2.0,813.0,0.00011620074438013856,0.0,0.0,0.0,0.0,0.0,0.999756984899942,0.0,0.0,0.0,0.0,0.00012681435567785202,0.0,0.0,0.0,0.0,0.0,0.0,0.0,0.0,0.0,0.0,0.0,0.0,0.0,0.0,0.0,0.0,6.0
huitseeker,1.0,1939.0,0.0,0.0,0.0,0.0,0.0,0.0,0.0,0.0,0.0,0.0,0.0,0.08613828368163629,0.0,0.9138617163183638,0.0,0.0,0.0,0.0,0.0,0.0,0.0,0.0,0.0,0.0,0.0,0.0,0.0,0.0,18.0
fortes,1.0,269.0,0.0,0.03673741315313601,0.0,0.0,0.0,0.0,0.0,0.0,0.0,0.0,0.0,0.615407909878263,0.0,0.0,0.0,0.0,0.0,0.0,0.0,0.0,0.0,0.0,0.0,0.0,0.0,0.0,0.0,0.347854676968601,15.0
beautifulcode,1.0,1646.0,0.4723296526726828,0.0,0.0,0.0,0.012626970336739969,0.0,0.2462586177904826,0.0,0.0,0.0,0.0,0.006847523494572427,0.0,0.0,0.0,0.0,0.0,0.0,0.0,0.0,0.0,0.0,0.24354016030491565,0.0,0.0,0.0,0.0,0.018397075400606592,14.0
nhessler,1.0,391.0,0.0,0.0,0.0,0.0,0.0,0.0,0.03332032361132243,0.0,0.0,0.0,0.0,0.012734092307285224,0.0,0.0,0.0,0.0,0.0,0.0,0.0,0.0,0.0,0.0,0.0,0.0,0.0,0.0,0.0,0.9539455840813923,24.0
phillipoertel,2.0,2.0,0.00989951487326348,0.0,0.0,0.0,0.0,0.0,0.6873596832155241,0.0,0.0,0.0,0.0,0.0031744107642071927,0.0,0.0,0.0,0.0,0.0,0.0,0.0,0.0,0.0,0.0,0.12659004644185676,0.14485995469456714,0.0,0.0,0.0,0.02811639001058137,6.0
mgadda,2.0,257.0,0.0,0.0,0.0,0.0,0.0,0.0,0.0036966330256181733,0.008021187277505734,0.30555457091205557,0.6193885870253245,0.0,0.003483950029623703,0.0,0.0,0.0,0.0,0.0,0.0,0.0,0.0,0.028403307726975798,0.0,0.008319956248069395,0.011105090719425554,0.0,0.0,0.0,0.01202671703540159,23.0
albatrocity,2.0,1112.0,0.003927054010106132,0.0,0.0,0.0,0.0,0.9859860472435438,0.0,0.0,0.0,0.0,0.0,0.0,0.0,0.0,0.0,0.0,0.0,0.0,0.0,0.0,0.0,0.0,0.00042837410172573567,0.009385763992096934,0.0,0.0,0.0,0.0002727606525274072,10.0
jviney,1.0,2412.0,0.0,0.0,0.0,0.0,0.0,0.0,0.0,0.007249948279693852,0.8737386811544905,0.0,0.00016772961836306304,0.0008910932707070412,0.0,0.0,0.0,0.038032945305138274,0.0,0.0,0.0,0.0,0.06610351091223429,0.0,0.0,0.0,0.0,0.0,0.0,0.013816091459372985,21.0
msztolcman,2.0,3.0,0.2771733274148127,0.6896250585016814,0.0,0.0,0.0,0.0,0.0,0.0,0.0,0.0,0.0,0.0,0.0,0.0,0.0,0.0,0.0,0.0,0.0,0.0,0.0,0.0,0.001830238172206434,0.009770383915776878,0.0,0.0,0.0,0.02160099199552251,3.0
yelvert,1.0,303.0,0.2846828592679987,0.6499781989791993,0.0,0.0,0.0,0.0,0.0,0.0,0.0,0.0,0.0,0.020018466747031213,0.0,0.0,0.0,0.0,0.0,0.0,0.0,0.0,0.0,0.0,0.0,0.01667136884762369,0.0,0.0,0.0,0.02864910615814717,3.0
stuarth,1.0,2386.0,0.0,0.08866010026432222,0.0,0.0,0.0,0.0,0.033390842229802785,0.0019363390760218117,0.0031693919725522715,0.0,0.0,0.0005201267469028718,0.0,0.8073351252167374,0.0,0.0,0.0,0.0,0.0,0.0,0.0,0.0,0.000588469818764245,0.0,0.0,0.0,0.0,0.06439960467489632,18.0
kesor,2.0,480.0,0.0,0.0,0.0,0.0,0.0,1.0,0.0,0.0,0.0,0.0,0.0,0.0,0.0,0.0,0.0,0.0,0.0,0.0,0.0,0.0,0.0,0.0,0.0,0.0,0.0,0.0,0.0,0.0,10.0
mks-m,1.0,6.0,0.0,0.0,0.0,0.0,0.0,0.0,0.0032038222992996864,0.0,0.0,0.0,0.0,0.0001880504393067207,0.0,0.0,0.0,0.0,0.0,0.0,0.0,0.0,0.0,0.0,0.001114372973669456,0.00520621123636199,0.0,0.0,0.0,0.9902875430513621,24.0
mbialon,1.0,1375.0,0.0,0.0,0.5183402032047446,0.0,0.0,0.0,0.0,0.0,0.02707995723420994,0.0,0.31427980661255944,0.027612848564723604,0.0,0.0,0.0,0.0,0.0,0.0,0.0,0.0,0.0,0.0,0.0,0.0,0.0,0.0,0.0,0.11268718438376245,2.0
whatupdave,1.0,2.0,0.09510614778772417,0.0,0.0,0.0,0.0,0.0,0.42534370959623374,0.0,0.0,0.0,0.0,0.0009992992568174416,0.0,0.0,0.0,0.0,0.0,0.0,0.0,0.0,0.0,0.0,0.2482012613377286,0.21949793231413034,0.0,0.0,0.0,0.010851649707365699,14.0
dcai,2.0,1171.0,0.0,0.8043517187643674,0.0,0.0,0.0,0.0,0.0,0.0,0.0,0.0,0.0,0.0035425468588933897,0.0,0.0,0.0,0.0,0.0,0.0,0.0,0.0,0.0,0.0,0.0023858956303749197,0.18446409299669458,0.0,0.0,0.0,0.005255745749669701,3.0
hotgazpacho,1.0,351.0,0.054954013910473616,0.007490255025349672,0.0,0.0,0.0,0.06942498280298591,0.0,0.0,0.0,0.0,0.0,0.1564036585055158,0.0,0.0,0.0,0.0,0.0,0.0,0.0,0.0,0.0,0.0,0.0,0.0,0.0,0.0,0.0,0.711727089755675,24.0
dscape,2.0,5.0,0.681693805739424,0.09176826634608728,0.0,0.0,0.0,0.0007398285758299915,0.0,0.18583167827401934,0.024054373695330637,0.0,0.0,0.004314483694618888,0.0,0.0,0.0,0.0,0.0003134423966233865,0.0,0.0,0.0,0.0,0.0,5.639389144175897e-05,0.006930403658972957,0.0,0.0,0.0,0.004297323727651825,14.0
djalmaoliveira,1.0,0.0,0.049507850612645295,0.0,0.9248135414883829,0.0,0.0,0.0,0.0,0.0,0.0,0.0,0.0,0.0,0.0,0.0,0.0,0.0,0.0,0.0,0.0,0.0,0.0,0.0,0.0,0.0,0.0,0.0,0.0,0.025678607898971823,2.0
bmillemathias,2.0,41.0,0.0,0.0,0.0,0.0,0.0,0.0,0.0,0.0,0.0,0.0,0.0,0.0,0.0,0.0,0.0,0.0,0.0,0.0,0.0,0.0,0.0,0.0,0.0,0.0,0.0,0.0,0.0,1.0,24.0
finn,1.0,12.0,0.03712536304240944,0.006158415741214754,0.0,0.0,0.0,0.0,0.3721229047447679,0.0,0.0003497371902418255,0.0,0.0,0.17152328286642574,0.0,0.0,0.0,0.0,0.0,0.0,0.0,0.0,0.0,0.0,0.0,0.13645072507108788,0.0,0.0,0.0,0.2762695713438525,6.0
aaronjensen,2.0,10101.0,0.07540866245078152,0.0,0.0,0.0,0.0,0.6765451616752177,0.0,0.0,0.0,0.0,0.0,0.0,0.0,0.0,0.0,0.0,0.0,0.0,0.0,0.0,0.0,0.0,0.030903233504355088,0.0,0.0,0.0,0.0,0.21714294236964563,10.0
davekeogh,1.0,3.0,0.0,0.3478864640321789,0.0,0.0,0.0,0.0,0.0,0.6104353967892928,0.0021129374019848443,0.0,0.0,0.0024960195371888953,0.0,0.0,0.0,0.0,0.0,0.0,0.0,0.0,0.0,0.0,0.010678414518812924,0.007033148576011876,0.0,0.0,0.0,0.019357619144529707,11.0
moorage,1.0,245.0,0.0,0.0,0.0,0.0,0.0,0.0,0.0,0.2208433999560729,0.0,0.0,0.7768778827146936,0.0,0.0,0.0,0.0,0.0,0.0,0.0,0.0,0.0,0.0,0.0,0.0,0.0,0.0,0.0,0.0,0.0022787173292334725,4.0
neomorphic,2.0,1228.0,0.050812325039605075,0.0,0.0,0.0,0.0,0.0,0.00039396505277638247,0.001430736875324635,0.7976831352985169,0.0,0.0,0.0028359303955934416,0.0,0.0,0.0,0.0,0.0,0.0,0.0,0.0,0.0,0.0,0.0035701988560490837,0.0016794755949207038,0.0,0.0,0.0,0.14159423288721384,21.0
tonyc,2.0,845.0,0.07889271925393548,0.0,0.0,0.0,0.0,0.0,0.0,0.0,0.0,0.0,0.0,0.0022214147930864373,0.0,0.0,0.002301173036987147,0.0,0.0,0.0,0.0,0.0,0.0,0.0,0.030455833133937724,0.10554674276193937,0.0,0.0,0.0,0.7805821170201138,24.0
look,1.0,2499.0,0.030340449191223057,0.0,0.0,0.0,0.0,0.0,0.6293138002818759,0.0,0.0,0.0,0.0,0.10592327286362638,0.0,0.0,0.0,0.0,0.0,0.0,0.0,0.0,0.0,0.0,0.0,0.04800294805984044,0.0,0.0,0.0,0.18641952960343422,6.0
arcticleo,1.0,633.0,0.0,0.0,0.0,0.0,0.0,0.0,0.9894579305799649,0.0,0.0,0.009103141476274165,0.0,0.001438927943760984,0.0,0.0,0.0,0.0,0.0,0.0,0.0,0.0,0.0,0.0,0.0,0.0,0.0,0.0,0.0,0.0,6.0
Yoric,1.0,113.0,0.007880451034207375,0.004701434994905409,0.0,0.0,0.0,0.0,0.0,0.0019352680986336912,0.0005167731101707551,0.0,0.0,0.005276079200735101,0.0,0.952894715039262,0.0,0.0,0.0,0.0,0.0,0.0,0.0,0.0,0.0010503431333276966,0.021838550167369592,9.291909311507354e-05,0.0,0.0,0.0038134661282732307,13.0
gsmcwhirter,1.0,1029.0,0.0,0.002287473381673878,0.0,0.0,0.0,0.0,0.0,0.01401270414950759,0.08096329962813802,0.0,0.8732154937954896,0.015590052805310497,0.0,0.0,0.0,0.0,0.0,0.0,0.0,0.0,0.0,0.0,0.0,0.0,0.0,0.0,0.0,0.013930976239880495,4.0
fhwang,2.0,0.0,0.6247438551507445,0.0,0.0,0.0,0.0,0.0,0.3091536974180599,0.0,0.0,0.0,0.0,0.00034415359233299356,0.0,0.0,0.0,0.0,0.0,0.0,0.0,0.0,0.0,0.0,0.023310494845577494,0.04244779899328507,0.0,0.0,0.0,0.0,14.0
croach,2.0,106.0,0.00022206688935826497,0.0020721100585558935,0.0,0.0,0.0,0.0,0.0,0.0,0.0,0.0,0.0,0.0,0.0,0.0,0.0,0.0,0.0,0.0,0.0,0.0,0.0,0.0,0.0,0.0,0.0,0.0,0.0,0.9977058230520859,24.0
scottdavis,2.0,598.0,0.011710409605273435,0.0,0.0,0.0,0.0,0.0,0.3960079590263262,0.0,0.009371884963766015,0.0,0.0,0.040039501269407474,0.0,0.0,0.0,0.0,0.0,0.0,0.0,0.0,0.0,0.00012218481923219988,0.40567525285684347,0.1056218163314704,0.0,0.0,0.0,0.031450991127680815,14.0
earlephilhower,1.0,651.0,0.0,0.023647068593725812,0.0,0.0,0.0,0.0,0.0,0.3716738397345141,0.5828684601924142,0.0,0.0,0.005274698620578353,0.0,0.0,0.0037092218503550775,0.0,0.0,0.0,0.0,0.0,0.0024065301501756684,0.0,1.2057058943373464e-05,0.005962245054959015,0.0,0.0,0.0,0.004445878744334358,21.0
sandman,2.0,47.0,0.0006489436265702247,0.6556553103937294,0.0,0.0011292773635089713,0.0,0.0,0.0,0.10826438607960599,0.003265162983947665,0.0,0.0,0.0028358211109202926,0.0,0.0,0.0,0.0,0.0,0.0,0.0,0.0,0.0,0.0,0.0,0.183814124072826,0.0,0.0,0.0,0.044386974368891496,3.0
ashanan,1.0,2.0,0.03428571428571429,0.6453615520282187,0.0,0.0,0.0,0.0,0.07068783068783069,0.0,0.0,0.0,0.0,0.0,0.0,0.0,0.0,0.0,0.0,0.0,0.0,0.0,0.0,0.0,0.17664902998236331,0.07301587301587302,0.0,0.0,0.0,0.0,3.0
kelan,1.0,1.0,0.0,0.0,0.0,0.0,0.0,0.0,0.0,0.0,0.0,0.9692729573899592,0.0,0.0,0.0,0.0,0.0,0.03072704261004078,0.0,0.0,0.0,0.0,0.0,0.0,0.0,0.0,0.0,0.0,0.0,0.0,23.0
pmq20,1.0,1651.0,0.11556908134975549,0.043388445880524276,0.0,0.0,0.0,0.0006853697517229765,0.09571484738229352,0.3954928868775244,0.2710727700809117,0.0,0.0,0.0012414633087444904,0.0,0.0,0.0,0.0016304574766520372,0.00010385675459424003,0.0,0.0,0.0,0.0,0.0,2.334405339104251e-06,0.07212629659987452,0.0,0.0,0.0,0.0029721901320632674,11.0
timjdavey,1.0,28.0,0.0,0.005168910954058891,0.0,0.0,0.0,0.0,0.0,0.0,0.0,0.0,0.0,0.0,0.0,0.0,0.0,0.0,0.0,0.0,0.0,0.0,0.0,0.0,0.0,0.0,0.0,0.0,0.0,0.9948310890459411,24.0
burner,2.0,271.0,0.007837985183714116,0.0012066517657235661,0.0,0.0,0.0,0.0,0.0,0.08455441819964654,0.0,0.0,0.0,0.0001025434401319125,0.0,0.0,0.0,0.0,0.0,0.0,0.0,0.0,0.0,0.0,0.0,0.0,0.0,0.0,0.0,0.9062984014107839,24.0
apetresc,1.0,410.0,0.40004347137681534,0.47917543042752786,0.04951802047839126,0.0,0.0,0.0,0.02481053881085173,0.0,0.0,0.0,0.0,0.0,0.0,0.0,0.0,0.0,0.0,0.0,0.0,0.0,0.0,0.0,0.03465249599716687,0.002499604166881369,0.0,0.0,0.0,0.009300438742365573,14.0
n8,2.0,62.0,0.015090581791719331,0.0,0.0,0.0,0.0,0.0,0.864931632770309,0.0,0.0,0.0,0.0,0.0,0.0,0.0,0.0,0.0,0.0,0.0,0.0,0.0,0.0,0.0,0.014094756597341912,0.10588302884062967,0.0,0.0,0.0,0.0,6.0
maykon,2.0,5.0,0.8142881614474146,0.00614156014715599,0.0,0.0,0.0,0.0,0.0,0.0006468664094427813,0.0,0.0,0.0,0.0008051161993947353,0.0,0.0,0.0,0.0,0.0,0.0,0.0,0.14602009935476504,0.0,0.0005012602882756483,0.0009103441525071172,0.0005057467513928429,0.0,0.0,0.0,0.03018084524965128,14.0
gauda,2.0,6.0,0.2508254932218295,0.0,0.0,0.0,0.0,0.0,0.6264290573614084,0.0,0.0,0.0,0.0,0.004629399173677137,0.0,0.0,0.006429721074551579,0.0,0.0,0.0,0.0,0.0,0.0,0.0,0.03216519820133738,0.07952113096719597,0.0,0.0,0.0,0.0,6.0
manuelmeurer,1.0,3124.0,0.00783232743130041,0.0,0.0,0.0,0.0,0.0,0.8752014582800742,0.0,0.0,0.0,0.0,0.0057204889091427786,0.0,0.0,0.0,0.0,0.0,0.0,0.0,0.0,0.0,0.0,0.0,0.03958029988107015,0.0,0.0,0.0,0.07166542549841241,6.0
dejanr,2.0,63.0,0.0,0.0,0.0,0.0,0.0,0.0,0.0,0.0,0.0,0.0,0.0,0.034869705346731825,0.0,0.0,0.0,0.0,0.0,0.0,0.0,0.0,0.0,0.0,0.0,0.0,0.0,0.0,0.0,0.9651302946532682,24.0
qingfeng,1.0,272.0,0.7648526926000295,0.18344999186982647,0.0,0.0,0.0,0.0,0.0,0.0,0.0,0.0,0.0,0.0008137736484059187,0.0,0.004353235241844301,0.0,0.0,0.0,0.0,0.0,0.0,0.0,0.0,0.044580577582653616,0.0019497290572402031,0.0,0.0,0.0,0.0,14.0
chenm001,1.0,1.0,0.000321724175167564,0.016813641657343285,0.0,0.0,0.0,0.0,0.0,0.20870875096660407,0.3052074440687476,0.0,0.0,0.005784659150049564,0.0,0.0,0.0,0.0,0.0,1.941228928680833e-05,0.0,0.0,0.003817032756857381,0.0,0.0,4.321061883088716e-05,0.0,0.0,0.0,0.4592841243171128,24.0
lizadaly,2.0,1103.0,0.7626141714655028,0.014300936393464782,0.0,0.0,0.0,0.15644328889855755,0.0,0.0,0.0,0.0,0.0,0.0011035650960840864,0.0,0.0,0.0,0.0,0.0,0.0,0.0,0.0,0.0,0.0,0.0018787007712283154,0.024501257219375013,0.0,0.0,0.0,0.039158080155787485,14.0
dchen,2.0,323.0,0.003289772565618779,0.0,0.0,0.0,0.0,0.9795028217061663,0.0,0.0,0.0,0.0,0.0,0.0003519675767651839,0.0,0.0,0.0,0.0,0.0,0.0,0.0,0.0,0.0,0.0,0.0007479884617043674,0.0017024768054743579,0.0,0.0,0.0,0.014404972884271042,10.0
tokuhirom,1.0,2042.0,0.0,0.0,0.0,0.0,0.0,0.0,0.0,0.007627694206874627,0.011442573474615983,0.0,0.0,0.001230339850418749,0.0,0.9564653739840923,0.0,0.0,0.0,0.0,0.0,0.0,0.0,0.0,0.0,0.0,0.0,0.0,0.0,0.023234018483998357,18.0
ttfkam,2.0,6.0,0.1548080326818021,0.0,0.0,0.0,0.0,0.0,0.0,0.0,0.0,0.0,0.0,0.043282339772107575,0.0,0.0,0.0,0.0,0.0,0.0,0.0,0.0,0.0,0.0,0.0,0.0,0.0,0.0,0.0,0.8019096275460903,24.0
shauber,1.0,98.0,0.0,0.0,0.0,0.0,0.0,0.0,0.0,0.0,0.0,0.0,0.0,0.0030272710946920136,0.0,0.0,0.6821108802175531,0.0,0.0,0.0,0.0,0.0,0.0,0.0,0.0,0.0,0.0,0.0,0.0,0.31486184868775496,19.0
digitalextremist,2.0,15.0,0.0,0.0,0.0,0.0,0.0,0.0,0.8805786947647156,0.0,0.0,0.0,0.0,0.003909913388867435,0.0,0.0,0.0,0.0,0.0,0.0,0.0,0.0,0.0,0.0,0.0,0.0,0.0,0.0,0.0,0.11551139184641694,6.0
chief,1.0,1002.0,0.0,0.0,0.542752105588284,0.0,0.0,0.0,0.2554780451301522,0.0,0.0,0.0,0.0,0.0,0.0,0.0,0.0,0.0,0.0,0.0,0.0,0.0,0.0,0.0,0.0,0.0,0.0,0.0,0.0,0.20176984928156375,2.0
dokterbob,1.0,809.0,0.410673142971627,0.006494590623747829,0.01464025739853842,0.0,0.0,0.0,0.0,0.02147412658131237,0.0,0.0,0.17145075273330918,0.00010196244919765689,0.0,0.0,0.0,0.0,0.0,0.0,0.0,0.0,0.0,0.0,0.27627649831135875,0.0961464156919613,0.0,0.0,0.0,0.002742253238947509,14.0
rickymoorhouse,2.0,281.0,0.0,0.986972286972287,0.0,0.0,0.0,0.0,0.0,0.0,0.0,0.0,0.0,0.013027713027713028,0.0,0.0,0.0,0.0,0.0,0.0,0.0,0.0,0.0,0.0,0.0,0.0,0.0,0.0,0.0,0.0,3.0
chrispatterson,1.0,520.0,0.045412485729736225,0.0,0.0,0.0,0.0,0.0,0.8188187225860722,0.0,0.0,0.0,0.0,0.0,0.0,0.0,0.0,0.0,0.0,0.0,0.0,0.0,0.0,0.0,0.0,0.12888301387970919,0.0,0.0,0.0,0.006885777804482365,6.0
ronnylt,2.0,378.0,0.09542180990193093,0.0,0.0,0.0,0.0021138410066547536,0.9022974995518632,0.0,0.0,0.0,0.0,0.0,5.272197346410037e-05,0.0,0.0,0.0,0.0,0.0,0.0,0.0,0.0,0.0,0.0,0.0,0.0,0.0,0.0,0.0,0.00011412756608699374,10.0
felipeelias,1.0,524.0,0.002586134009723103,0.0,0.0,0.0,0.0,0.0,0.9382339885859227,0.0,0.0,0.0,0.0,0.00027689706193193827,0.0,0.0,0.0,0.0,0.0,0.0,0.0,0.0,0.0,0.0,0.005534770661593744,0.05241809342633693,0.0,0.0,0.0,0.0009501162544916508,6.0
brunoalfirevic,1.0,0.0,0.0,0.02472029738157819,0.02105747098624096,0.9141625254446961,0.0,0.009509435331907725,0.0,0.0,0.0,0.0,0.0,0.0,0.0,0.0,0.007981997404867838,0.0,0.0,0.0,0.0,0.0,0.0,0.0,0.0,0.0,0.0,0.0,0.0,0.022568273450709126,8.0
keithpitt,1.0,124.0,0.39912119934371754,0.0,0.0,0.0,0.0,0.0,0.0036588166041138727,0.0,0.0,0.0,0.539755188263732,0.03142474251766995,0.0,0.0,0.005892347963311638,0.0,0.0,0.0,0.0,0.0,0.0,0.0,0.016723931349178187,0.0,0.0,0.0,0.0,0.0034237739582767992,4.0
kevinlin,2.0,23.0,0.08343809249031407,0.0,0.02779552386447943,0.0,0.0,0.6462523699612562,0.0,0.0,0.0,0.0,0.0,0.033323716099249855,0.0,0.0,0.0,0.0,0.0,0.0,0.0,0.0,0.0,0.0,0.10153738356277306,0.08192337812216635,0.0,0.0,0.0,0.025729535899760944,10.0
schwern,2.0,831.0,0.0,0.0,0.0,0.0,0.0,0.0,0.0,0.0036354558643735303,0.2776304372913923,0.0,0.0,0.034001989836027424,0.0,0.0,0.0,0.0,0.0,0.0,0.0,0.0,0.0,0.0,0.0,0.0,0.0,0.0,0.0,0.6847321170082068,24.0
ckhrysze,1.0,14.0,0.024402506688692968,0.0,0.0,0.0,0.0,0.0,0.020687813111633837,0.0,0.0,0.0,0.0034711623062972474,0.0003613689824208579,0.0,0.0,0.0,0.0,0.0,0.0,0.0,0.0011087967535149306,0.0,0.0,0.0669419205975831,0.0845973765958593,0.0,0.0,0.0,0.7984290549639977,24.0
nicksergeant,2.0,2265.0,0.27990381245029156,0.09765545071678051,0.0,0.0,0.0,0.0,0.0,0.0,0.0,0.0,0.0,0.0024384949477516205,0.0,0.0,0.0,0.0,0.0,0.0,0.0,0.0,0.0,0.0,0.1973641835712519,0.21049611495533133,0.0,0.0,0.0,0.2121419433585931,14.0
ehabkost,2.0,12.0,0.004914546574317628,0.03408239661348803,0.0,0.0,0.0,0.0,6.614351974948097e-06,0.0870743496502601,0.8396455996989051,0.0,0.0,0.014324859125251348,0.0,0.0,0.0,0.0013520686816187566,0.0,0.0,0.0,0.0,0.00544264519472841,0.0,0.0021916911990414205,0.0012115288034113263,0.0,0.0,0.0,0.009753700107002999,21.0
pg,1.0,660.0,0.00038580118380829987,0.015621478707213603,0.21878613874607733,0.0,0.0,0.0,6.029864348702375e-05,0.005215997863390532,0.017772515795697733,0.0,0.0,0.00012392885586077346,0.0,0.0,0.0,0.0,0.0,0.0,0.0,0.0,0.0,0.0,0.002009293975848879,0.7337563783368175,0.0,0.0,0.0,0.006268167891798352,1.0
lennart,1.0,23.0,0.0,0.0011143194015138642,0.0,0.0,0.0,0.0,0.0,0.8158332763470248,0.040650865588925854,0.0,0.0,0.0005082069409216409,0.0,0.0,0.0,0.0,0.0,0.0,0.0,0.0,0.0,0.0,0.0,0.0,0.0,0.0,0.0,0.1418933317216138,11.0
markmhendrickson,1.0,421.0,0.6881267014343208,0.0,0.0,0.0,0.0,0.0,0.0,0.0,0.0,0.0,0.0,0.0,0.0,0.0,0.0,0.0,0.0,0.0,0.0,0.0,0.0,0.0,0.21254984156119583,0.09932345700448342,0.0,0.0,0.0,0.0,14.0
mpezzi,2.0,0.0,0.060329130318844994,0.0,0.0,0.0,0.11512323340063235,0.7545312559521542,0.0,0.0,0.0,0.0,0.0,0.0,0.0,0.0,0.0,0.0,0.0,0.0,0.0,0.0,0.0,0.0,0.0003047502952268485,0.04392213629956954,0.0,0.0,0.0,0.025789493733572054,10.0
krf,1.0,28.0,0.00030015841284294513,0.015067288583753785,0.0,0.0,3.0360003264622212e-05,0.0,0.0004994036164540893,0.8333351360865636,0.025875449745959293,0.0,0.0,0.017336545184043078,0.0,0.0,0.0,0.002128027273361961,0.0,0.0,0.0,0.0,0.0,0.0,0.0,0.0,0.0,0.0,0.0,0.10542763109375661,11.0
ThisIsMissEm,1.0,561.0,0.622101906905675,0.10944270585370201,0.0,0.0,0.0,0.0,0.0,0.22162259911223037,0.028687212362766213,0.0,0.0004208803538874015,0.0046360094235525185,0.0,0.0,0.0,0.0,0.0003738109630006681,0.0,0.0,0.0,0.0,0.0,0.0,0.0075994740879282265,0.0,0.0,0.0,0.005115400937257618,14.0
plashchynski,2.0,844.0,0.0,0.0,0.0,0.0,0.0,0.0,0.028985738369708844,0.005826536656490636,0.2603174693579988,0.0,0.0,0.20258805303686153,0.0,0.0,0.0,0.0,0.0,0.0,0.0,0.0,0.0,0.0,0.0001879527953706657,0.001848202487811546,0.0,0.0,0.0,0.500246047295758,24.0
benui-dev,2.0,451.0,0.0,0.0,0.0,0.013731893401794796,0.0,0.0,0.0,0.9830256527647787,0.0013966601856225135,0.0,0.0,0.0,0.0,0.0,0.0,0.0,0.0,0.0,0.0,0.0,0.0,0.0,0.0,0.0,0.0,0.0,0.0,0.001845793647804027,11.0
blu,2.0,27.0,0.0,0.0,0.0,0.0,0.0,0.0,0.0,0.5671962180586614,0.1609468965068062,0.0,0.0,0.037990382319098584,0.0,0.0,0.0,0.0,0.0,0.0,0.0,0.0,0.18938201515381775,0.0,0.0,0.0,0.0,0.0,0.0,0.044484487961616116,7.0
mohnjiles,2.0,1325.0,0.0,0.03809138002995262,0.0,0.9411458716947779,0.0,0.0,0.0,0.0,0.0,0.0,0.0,0.005218690923375316,0.0,0.0,0.013481746090201566,0.0,0.0,0.0,0.0,0.0,0.0,0.0,0.0,0.0,0.0,0.0,0.0,0.0020623112616925685,8.0
erunion,1.0,3845.0,0.016798022043644785,0.0,0.0,0.0,0.41516408144677797,0.5648802120589177,0.0,0.0,0.0,0.0,0.0,7.196083612047319e-05,0.0,0.0,0.0,0.0,0.0,0.0,0.0,0.0,0.0,0.0,0.0,0.0010085257480167808,0.0,0.0,0.0,0.0020771978665223155,10.0
cafedomingo,2.0,108.0,0.0,0.01675886612838728,0.4084730741218487,0.0,0.0,0.0,0.00020840462965400445,0.2757525444168243,0.014401543385143038,0.09294031667475214,0.0,0.011724249022535278,0.0955467848023196,0.0,0.0,0.02743889826970881,0.0,0.0,0.0,0.0,0.0,0.0,0.0,0.0,0.0,0.0,0.0,0.05675531854882685,2.0
marcandre,2.0,1379.0,0.020149617655298352,0.0,0.0,0.0,0.0,0.0,0.9781413556302276,0.0,0.0,0.0,0.0,0.00038834778767751717,0.0,0.0,0.0,0.0,0.0,0.0,0.0,0.0,0.0,0.0,0.0,0.001320678926796442,0.0,0.0,0.0,0.0,6.0
pobocks,1.0,91.0,0.021716719660225495,0.0038071152171875703,0.0,0.0,0.0,0.0,0.16524346929655975,0.0,0.0,0.0,0.0,0.0,0.0,0.0,0.0,0.0,0.0,0.0,0.0,0.0,0.0,0.0,0.0014397224866995449,0.09366209713237161,0.0,0.0,0.0,0.714130876206956,24.0
marhs,2.0,361.0,0.0,0.004285856136511904,0.0,0.0,0.0,0.0,0.0,0.0,0.0,0.0,0.0,0.0,0.0,0.0,0.0,0.0,0.0,0.0,0.0,0.0,0.0,0.0,0.0,0.0,0.0,0.0,0.0,0.9957141438634881,24.0
mcameron,1.0,40.0,0.0,0.9905509715198296,0.0,0.0,0.0,0.0,0.0,0.0,0.0,0.0,0.0,0.0,0.0,0.0,0.0,0.0,0.0,0.0,0.0,0.0,0.0,0.0,0.0,0.0,0.0,0.0,0.0,0.009449028480170348,3.0
dancryer,1.0,727.0,0.05364823538307861,0.0,0.0,0.0,0.8513763469893629,0.0,0.0,0.0,0.0,0.0,0.0,0.007019934182290403,0.0,0.0,0.0,0.0,0.0,0.0,0.0,0.0,0.0,0.0,0.003089931188692972,0.08026639219026711,0.0,0.0,0.0,0.004599160066308011,9.0
kairichard,2.0,651.0,0.0,0.09862030846254459,0.0,0.0,0.0,0.0,0.06323649657932122,0.0,0.0,0.0,0.7316156597501907,0.029961583028926167,0.0,0.0,0.0,0.0,0.0,0.0,0.0,0.0,0.0,0.0,0.0,0.0,0.0,0.0,0.0,0.0765659521790173,4.0
mpenning,2.0,754.0,0.0,0.9787285993335632,0.0,0.0,0.0,0.0,0.0,0.0,0.0,0.0,0.00206735464782259,0.0011364615649775939,0.0,0.0,0.0,0.0,0.0,0.0,0.0,0.0,0.0,0.0,0.0006678731471906239,0.0,0.0,0.0,0.0,0.017399711306446054,3.0
eduardocereto,1.0,6.0,0.4456021683529847,0.5033578908424083,0.0,0.0,0.0,0.0,0.0,0.0,0.0,0.0,0.0,0.0,0.0,0.0,0.0,0.0,0.0,0.0,0.0,0.0,0.0,0.0,0.017103125452410443,0.0339368153521965,0.0,0.0,0.0,0.0,14.0
falsefalse,2.0,923.0,0.23944692506847773,0.0,0.0,0.0,0.0,0.6826666916813628,0.0,0.0,0.0,0.0,0.0,0.0,0.0,0.0,0.0,0.020909159130989455,0.0,0.0,0.0,0.0,0.0,0.0,0.037006116093204755,0.019971108025965256,0.0,0.0,0.0,0.0,10.0
nzakas,1.0,883.0,0.9990375272414861,0.0,0.0,0.0,0.0,0.0,0.0,0.0,0.0,0.0,0.0,3.561538871586027e-05,0.0,0.0,0.0,0.0,0.0,0.0,0.0,0.0,0.0,0.0,0.0,0.0005790423154460434,0.0,0.0,0.0,0.00034781505435204464,14.0
yogsma,2.0,15.0,0.010512314103746492,0.0,0.9644920722755336,0.0,0.0,0.0,0.0,0.0,0.0,0.0,0.0,0.0,0.0,0.0,0.0,0.0,0.0,0.0,0.0,0.0,0.0,0.0,0.00020694712500956005,0.024788666495710345,0.0,0.0,0.0,0.0,2.0
cheung31,1.0,66.0,0.0069824066091273415,0.0,0.0,0.0,0.0,0.8128203427726881,0.0,0.0,0.0,0.0,0.0,0.014220613731750528,0.0,0.0,0.0,0.0,0.0,0.0,0.0,0.0,0.0,0.0,0.022406230163617587,0.14357040672281646,0.0,0.0,0.0,0.0,10.0
RoryQ,1.0,1003.0,0.01636867287836817,0.0,0.0,0.0,0.0,0.0,0.0,0.0,0.0,0.0,0.9639937624702167,0.004222923890513919,0.0,0.0,0.0,0.0,0.0,0.0,0.0,0.0,0.0,0.0,0.0,0.0,0.0,0.0,0.0,0.015414640760901148,4.0
armyofgnomes,2.0,878.0,0.014601116744753225,0.0,0.0,0.0,0.0,0.0,0.0,0.0,0.0,0.0,0.0,0.0,0.0,0.0,0.0,0.0,0.0,0.0,0.0,0.0,0.0,0.0,0.0,0.9853988832552468,0.0,0.0,0.0,0.0,1.0
dukebody,2.0,102.0,0.0,0.9195989818661283,0.0,0.0,0.0,0.0,0.0,0.0,0.014136339782231909,0.0,0.0,0.0007480594485823142,0.0,0.0,0.0,0.0,0.0,0.0,0.0,0.0,0.0,0.0,0.000249035937379101,0.01672684059115949,0.0,0.0,0.0,0.048540742374518865,3.0
Uninen,1.0,914.0,0.07009375597933541,0.0,0.0,0.0,0.0,0.449922401513702,0.0,0.0,0.0,0.0,0.0,0.0,0.0,0.01818780959670047,0.0,0.0,0.0,0.0,0.0,0.4186704084018964,0.0,0.0,0.023066947296808894,0.02005867721155686,0.0,0.0,0.0,0.0,22.0
devrand,1.0,2.0,0.0,0.0,0.0,0.0,0.0,0.0,0.0,0.0,0.0,0.0,0.0,0.0,0.0,0.0,0.0,0.0,0.0,0.0,0.0,0.0,0.0,0.0,0.0,0.39078954190275156,0.0,0.0,0.0,0.6092104580972485,24.0
wvega,1.0,12.0,0.3989751317260099,0.033298239661504074,0.0,0.0,0.29529079514609613,0.0,0.0,0.0,0.0,0.0,0.0,0.025062869231997444,0.0,0.0,0.0,0.0,0.0,0.0,0.0,0.0,0.0,0.0,0.196132045345681,0.04877854063547821,0.0,0.0,0.0,0.002462378253233275,14.0
azazeal,2.0,948.0,0.0,0.0,0.0,0.0,0.0,0.0,0.0,0.0,0.0,0.0,1.0,0.0,0.0,0.0,0.0,0.0,0.0,0.0,0.0,0.0,0.0,0.0,0.0,0.0,0.0,0.0,0.0,0.0,4.0
nuria,2.0,107.0,0.06564732060455543,0.2701958707637394,0.06785336488583435,0.0,0.0,0.0,0.02020700918697148,0.0,0.0,0.0,0.0,0.0007682329623495836,0.0,0.0,0.0,0.0,0.0,0.16297358984379476,0.0,0.0,0.0,0.0,1.845795849887152e-05,0.007243157507488203,0.0,0.0,0.0,0.4050929962867679,0.0
tgautier,1.0,220.0,0.0,0.0,0.0,0.0,0.0,0.0,0.0,0.0,0.0,0.0,0.0,0.0,0.0,0.0,0.0,0.0,0.0,0.0,0.0,0.0,0.0,0.0,0.0,0.0,0.0,0.0,0.0,1.0,24.0
ttscoff,2.0,2389.0,0.0,0.0,0.0,0.0,0.0,0.0,0.5898118299489209,0.0,0.0,0.016990661549832777,0.25266868459052977,0.11256142037596649,0.0,0.0,0.001171275906150973,0.0,0.0,0.0,0.0,0.0,0.0,0.0,0.0032796970747991363,0.01798447140959724,0.0,0.0,0.0,0.005531959144202682,6.0
moregatest,2.0,5.0,0.000966858921558105,0.0,0.0,0.0,0.0,0.0,0.0,0.0,0.0,0.0,0.9846289858069196,0.00019781546504821126,0.0,0.0,0.0,0.0,0.0,0.0,0.0,0.0,0.0,0.0,0.0,0.000992481758063444,0.0,0.0,0.0,0.013213858048410677,4.0
roktas,1.0,1192.0,0.0,0.0,0.0,0.0,0.0,0.0,0.49795117531106875,0.0,0.0,0.0,0.04597113194138699,0.1870449974149916,0.0,0.0,0.25839122960537975,0.0,0.0,0.0,0.0,0.0,0.0,0.0,0.0,0.008823738963475566,0.0,0.0,0.0,0.0018177267636973475,6.0
kiang,1.0,676.0,8.381186889377164e-05,9.30116587524641e-08,0.0,0.0,0.003131331841857705,0.0,0.0,0.0,0.0,0.0,0.0,1.3951748812869615e-06,0.0,0.0,0.0,0.0,0.0,0.0,0.0,0.0,0.0,0.0,1.304070296113235e-05,0.9967693956102883,0.0,0.0,0.0,9.317894590849372e-07,1.0
rafaelfranca,1.0,3307.0,0.04630977162759128,0.0,0.0,0.0,0.0,0.0,0.9445403287870833,0.0,0.0,0.0,0.0,0.0002723840863487582,0.0,0.0,0.0,0.0,0.0,0.0,0.0,0.0,0.0,0.0,0.003299729286579725,0.005212641941099958,0.0,0.0,0.0,0.00036514427129695227,6.0
kwatson,2.0,274.0,0.000663982249979456,0.03322540882570466,0.0,0.0,0.1277935738351549,0.0,0.02476456569972882,0.0,0.0,0.0,0.0,0.27811652559783057,0.0,0.0,0.0,0.0,0.0,0.0,0.0,0.0,0.0,0.0,0.0,0.11451721587640726,0.0,0.0,0.0,0.42091872791519436,24.0
itarato,1.0,1161.0,0.008836615992517862,0.0,0.0,0.0,0.4270602168270641,0.0,0.0,0.08136549029590973,0.0,0.0,0.0,0.0,0.0,0.22683553130378478,0.0,0.0,0.0,0.0,0.0,0.0,0.0,0.0,0.0,0.0,0.0,0.0,0.0,0.25590214558072355,9.0
morganpdx,1.0,21.0,0.43239028736912455,0.3507239919803965,0.0,0.0,0.0,0.0,0.038494096680775226,0.0,0.0,0.0,0.0,0.0039652483849409665,0.0,0.0,0.0,0.0,0.0,0.0,0.0,0.0,0.0,0.0,0.0517709957674315,0.0029627979505457785,0.0,0.0,0.0,0.11969258186678547,14.0
davisagli,2.0,2889.0,0.00037063758151904824,0.9541233222907632,0.0,0.0,0.0,0.0,0.0,0.0,0.0,0.0,0.0,0.0,0.0,0.0,0.0,0.0,0.0,0.0,0.0,0.0,0.0,0.0,0.00038262047593726623,0.0009592972698140072,0.0,0.0,0.0,0.04416412238196641,3.0
JamesBender,1.0,0.0,0.045075861528207944,0.0,0.0,0.8397662079690542,0.0,0.0,0.0,0.0,0.0,0.0,0.0,0.0,0.0,0.0,0.0,0.0,0.0,0.0,0.0,0.0,0.0,0.0,0.0015028554253080854,0.035428183113132346,0.0,0.0,0.0,0.07822689196429738,8.0
mepcotterell,1.0,453.0,1.918449217737943e-06,0.000719162663422697,0.0,0.0,0.0,0.0,0.0,0.0,0.0,0.0,0.0,0.004024522768970657,0.0,0.0,0.0,0.0,0.0,0.0,0.0,0.0,0.0,0.0,2.1007018934230476e-05,0.006945969211895626,0.0,0.0,0.0,0.9882874198875591,24.0
mrwade,2.0,876.0,0.034173533688802715,0.0,0.0,0.0,0.0,0.8148327678138633,0.0,0.0,0.0,0.0,0.0,0.0,0.0,0.0,0.0,0.0,0.0,0.0,0.0,0.0,0.0,0.0,0.043819680077556954,0.09578284052350945,0.0,0.0,0.0,0.011391177896267571,10.0
squiddy,2.0,262.0,0.02736306910099376,0.0,0.0,0.0,0.0,0.0,0.0,0.0,0.0,0.0,0.0,0.0,0.0,0.34957245204529697,0.0,0.0,0.0,0.0,0.0,0.0,0.0,0.0,0.0,0.0,0.0,0.0,0.6230644788537093,0.0,17.0
jwl,2.0,6.0,0.0,0.0017363163494502896,0.0,0.0,0.0,0.0,0.0,0.0,0.0,0.0,0.0,0.093472928242109,0.0,0.6156091145525476,0.0,0.0,0.0,0.0,0.0,0.0,0.0,0.0,0.027071757891003665,0.0,0.0,0.0,0.0,0.26210988296488946,18.0
adamjarret,2.0,0.0,0.3460748070734439,0.0,0.0,0.0,0.0,0.5699799360121468,0.0,0.0,0.0,0.0,0.0,0.021845999076271203,0.0,0.0,0.0,0.0,0.0,0.0,0.0,0.0,0.0,0.0,0.0019353427239528114,0.0015052665630744088,0.0,0.0,0.0,0.05865864855111081,10.0
keithnoguchi,1.0,1027.0,0.0,0.0,0.0,0.0,0.0,0.0,0.0,0.0,0.629758883248731,0.0,0.0,0.0,0.0,0.0,0.0,0.0,0.0,0.0,0.0,0.0,0.0,0.0,0.0,0.0,0.0,0.0,0.0,0.37024111675126903,21.0
arnaudlimbourg,1.0,60.0,0.8382304906389938,0.00411054440160405,0.0,0.0,0.0,0.0,0.0,0.0,0.011468694755938496,0.0,0.0,0.003918535079220398,0.0,0.0,0.0,0.0,0.0,0.0,0.0,0.0,0.0,0.0,0.08474342478421021,0.05108882527813764,0.0,0.0,0.0,0.006439485061895419,14.0
gurdiga,2.0,1846.0,0.01561829492044291,0.0,0.0,0.0,0.0,0.8586345374741089,0.002426077289821626,0.0,0.0,0.0,0.0,0.019085085030967966,0.0,0.0,0.0,0.0,0.0,0.0,0.0,0.0,0.0,0.0,0.02269885893272873,0.017758007237684618,0.0,0.0,0.0,0.06377913911424526,10.0
kpuputti,1.0,663.0,0.845441807155726,0.00022520651502328648,0.0,0.0,2.9854465968504835e-05,0.0,0.0,0.0,0.0,0.0,0.0,0.0,0.0,0.0,0.0,0.0,0.0,0.0,0.0,0.0,0.0,0.0,0.13934766693838557,0.010193353097855152,0.0,0.0,0.0,0.004762111827041397,14.0
rickhurst,1.0,456.0,0.0,0.0,0.0,0.0,1.0,0.0,0.0,0.0,0.0,0.0,0.0,0.0,0.0,0.0,0.0,0.0,0.0,0.0,0.0,0.0,0.0,0.0,0.0,0.0,0.0,0.0,0.0,0.0,9.0
gschueler,2.0,2188.0,0.10899814769148485,0.0,0.23026723107222719,0.0,0.0,0.021777276104130217,0.0,0.0,0.0,0.0,0.0,0.025173937355498235,0.0,0.0,0.0,0.0,0.0,0.0,0.0,0.030191490202344805,0.0,0.0,0.0032378905598440455,0.00037904495463430383,0.0,0.0,0.0,0.5799749820598363,24.0
lahirumaramba,1.0,560.0,0.004441024778363386,0.22961754628296907,0.0,0.0,0.0,0.5570799921497734,0.0,0.013572836320802587,0.0,0.0,0.18724823893120035,0.00033209459286032166,0.0,0.0,0.0,0.0,0.0,0.0,0.007341620297811058,0.0,0.0,0.0,0.0,0.0003666466462197487,0.0,0.0,0.0,0.0,10.0
onurozer,2.0,484.0,0.41996077828193495,0.0,0.0,0.0,0.0,0.0,0.26240098438821813,0.0,0.0,0.0,0.0,0.022917788202722448,0.0,0.0,0.0,0.0,0.0,0.0,0.0,0.0,0.0,0.0,0.10901330462201031,0.1857071445051142,0.0,0.0,0.0,0.0,14.0
jenstrickland,1.0,20.0,0.8567908327637641,0.0013792367924917775,0.0,0.0,0.0,0.0,0.001046669510690318,0.0,0.0,0.0,0.0,0.0010446435261000332,0.0,0.0,0.0,0.0,0.0,0.0,0.0,0.0,0.0,0.0,0.003795624790711969,0.10885328507667397,0.0,0.0,0.0,0.02708970753956786,14.0
skaurus,2.0,38.0,0.0,0.0,0.0,0.0,0.0,0.0,0.0,0.0,0.26118066318339167,0.0,0.6313420508013698,0.0,0.0,0.0,0.0,0.0,0.0,0.0,0.0,0.0,0.0,0.0,0.08806251334069586,0.019414772674542703,0.0,0.0,0.0,0.0,4.0
lyyder,1.0,537.0,0.021852490924950386,0.0,0.0,0.0,0.0,0.0,0.0,0.0,0.0,0.0,0.0,0.27673473430006895,0.0,0.0,0.0,0.0,0.0,0.0,0.0,0.0,0.0,0.0,0.0004799396647278628,0.002864401808534546,0.0,0.0,0.0,0.6980684333017183,24.0
albert748,2.0,0.0,0.0,0.0,0.0,0.0,0.0,0.0,0.0,0.0,0.0,0.0,0.0,5.1859732388821335e-05,0.0,0.0,0.0,0.0,0.0,0.0,0.0,0.0,0.0,0.0,0.0,0.0,0.0,0.0,0.0,0.9999481402676111,24.0
longborough,2.0,0.0,0.0,0.05507655930101791,0.0,0.0,0.0,0.0,0.0,0.0,0.0,0.0,0.0,0.02523140805674904,0.0,0.4662620029412613,0.0,0.0,0.0,0.0,0.0,0.0,0.0,0.0,0.0,0.0,0.0,0.0,0.0,0.4534300297009718,18.0
cocaman,2.0,18.0,0.05614025174113891,0.4800033904530493,0.0,0.0,0.0,0.0,0.0,0.0,0.0,0.0,0.0,0.0,0.0,0.0,0.4638563578058118,0.0,0.0,0.0,0.0,0.0,0.0,0.0,0.0,0.0,0.0,0.0,0.0,0.0,19.0
darscan,2.0,870.0,0.0,0.0,0.0,0.0,0.0,0.0,0.005817961695616351,0.0,0.0,0.0,0.0,0.007126162331220259,0.0,0.0,0.0,0.0,0.0,0.0,0.0,0.0,0.0,0.0,0.0,0.0,0.0,0.0,0.0,0.9870558759731634,24.0
OkelyKodely,2.0,7.0,0.0,0.0,1.0,0.0,0.0,0.0,0.0,0.0,0.0,0.0,0.0,0.0,0.0,0.0,0.0,0.0,0.0,0.0,0.0,0.0,0.0,0.0,0.0,0.0,0.0,0.0,0.0,0.0,2.0
rvelhote,2.0,1.0,0.1938388668269534,0.036165065300327474,0.0,0.0,0.6502702962302606,0.0,0.0,0.0,0.0,0.0,0.08043751669653282,0.0,0.0,0.0,0.0,0.0,0.0,0.0,0.0,0.0,0.0,0.0,0.004053693047938935,0.03282876035935441,0.0,0.0,0.0,0.0024058015386324,9.0
lant,2.0,18.0,0.0,0.0,0.9058782876812461,0.0,0.0,0.0,0.0,0.0,0.0,0.0,0.0,0.08614754860917295,0.0,0.0,0.0,0.0,0.0,0.0,0.0,0.0,0.0,0.0,0.0,0.0,0.0,0.0,0.0,0.007974163709580958,2.0
pior,2.0,2227.0,0.0,0.16207772152027905,0.0,0.0,0.0,0.0,0.0024882179563277783,0.0,0.0,0.0,0.8329237326330721,0.0017807000685407953,0.0,0.0,0.0,0.0,0.0,0.0,0.0,0.0,0.0,0.0,0.0,0.0,0.0,0.0,0.0,0.0007296278217803259,4.0
martijndeb,2.0,46.0,0.24764467108508675,0.0,0.0,0.0,0.017136794071595563,0.0,0.5712604294017974,0.0,0.0,0.0,0.0,0.0020476749672908223,0.0,0.0,0.0,0.0,0.0,0.0,0.0,0.0,0.0,0.0,0.0002352647834759668,0.05848441219998713,0.0,0.0,0.0,0.10319075349076635,6.0
aviars,1.0,299.0,0.0,1.0,0.0,0.0,0.0,0.0,0.0,0.0,0.0,0.0,0.0,0.0,0.0,0.0,0.0,0.0,0.0,0.0,0.0,0.0,0.0,0.0,0.0,0.0,0.0,0.0,0.0,0.0,3.0
mathieucarbou,1.0,934.0,0.0010725668722601138,0.0,0.956908048602726,0.0,0.00021320801923223356,0.0,0.0006265705054988088,0.0,0.0,0.0,0.0,0.0,0.0,0.0,0.0,0.0,0.0,0.0,0.0,0.0,0.0,0.0,0.0,0.0,0.0,0.0,0.0,0.04117960600028283,2.0
davedevelopment,2.0,1646.0,0.0,0.0,0.0,0.0,0.997065202402995,0.0,0.0,0.0,0.0,0.0,0.0,0.0,0.0,0.0,0.0,0.0,0.0,0.0,0.0,0.0,0.0,0.0,0.0,0.0008919170317893896,0.0,0.0,0.0,0.0020428805652155544,9.0
bruxisma,1.0,542.0,0.0,0.018321233590871115,0.0,0.11615752763727973,0.0,0.0,0.0,0.0,0.0,0.0,0.0,0.003833923748955709,0.0,0.6033702262144537,0.09981154192382667,0.0,0.0,0.0,0.0,0.0,0.0,0.0,0.0,0.0,0.0,0.0,0.0,0.15850554688461313,18.0
jemmrich,1.0,261.0,0.10430056957725871,0.0,0.0,0.0,0.0,0.5888070230443643,0.0,0.0,0.0,0.0,0.0,0.0,0.0,0.26075142394314677,0.0,0.0,0.0,0.0,0.0,0.0,0.0,0.0,0.01113027120238282,0.035010712232847366,0.0,0.0,0.0,0.0,10.0
ksopyla,2.0,17.0,0.0,1.0,0.0,0.0,0.0,0.0,0.0,0.0,0.0,0.0,0.0,0.0,0.0,0.0,0.0,0.0,0.0,0.0,0.0,0.0,0.0,0.0,0.0,0.0,0.0,0.0,0.0,0.0,3.0
truedat101,2.0,987.0,0.41324143367138844,0.0,0.0,0.0,0.0,0.0,0.005742201284090024,0.0,0.1653735638768337,0.0,0.0,0.03528727046088841,0.0,0.0,0.0,0.0,0.0,0.0,0.0,0.0,0.0,0.0,0.09444156748805045,0.009683376945955483,0.0,0.0,0.0,0.2762305862727935,14.0
ardeshir,2.0,163.0,0.09735995862286087,0.036767186129663364,0.0,0.0,0.0,0.0,0.0,0.0,0.0,0.0,0.0,0.123276889518541,0.0,0.0014279610515190357,0.4333693134543165,0.0,0.0,0.0,0.0,0.0,0.0,0.0,0.0,0.0,0.0,0.0,0.0,0.3077986912230992,19.0
mauroere,2.0,0.0,0.27347600304303243,0.0,0.0,0.0,0.1865180431978302,0.0,0.0,0.0,0.0,0.0,0.0,0.0,0.0,0.0,0.0,0.0,0.0,0.0,0.0,0.0,0.0,0.0,0.17102173122085138,0.368984222538286,0.0,0.0,0.0,0.0,14.0
bogdad,2.0,44.0,0.0,0.6890669318371815,0.0038319965600071277,0.0,0.0,0.0,0.0,0.048585677608321914,0.03974479390166451,0.0,0.16994498843470385,0.0033691032667179195,0.0,0.04234273083823616,0.0014988841923303604,0.000985330337206726,0.0,0.0,0.0,0.0,0.0,0.0,0.0,0.0,0.0,0.0,0.0,0.0006295630236298978,3.0
igobranco,2.0,730.0,0.010981178734004091,0.4892178734405406,0.0,0.0,0.0,0.2872180411901554,0.0,0.0,0.0,0.0,0.0,0.011650571933884179,0.0,0.0,0.0,0.0,0.0,0.0,0.0,0.0,0.0,0.0,0.001428881587633723,0.08269474104957483,0.0,0.0,0.0,0.11680871206420716,3.0
s111,2.0,2.0,0.003815724491609222,0.0036538287524652308,0.0019307565927542663,0.0,0.0,0.21028948266407343,0.0,0.0,0.0,0.0,0.7544123402710473,0.007941612874036393,0.0,0.0,0.0,0.0,0.0,0.0,0.0,0.0,0.0,0.0,0.0,0.0007080894449429114,0.0,0.0,0.0,0.017248164909071287,4.0
rs,1.0,478.0,0.0,0.0,0.0,0.0,0.0,0.0,0.0017960417643139188,0.0,0.013595613295961421,0.0007393371426333132,0.38584986159127965,0.014626946323945398,0.0,0.0,0.0,0.583034771991719,0.0,0.0,0.0,0.0,0.0,0.0,0.0,0.0,0.0,0.0,0.0,0.0003574278901472309,12.0
dorkalev,2.0,0.0,0.0,0.0,0.0,0.0,0.0,0.0,0.6279653475512827,0.0,0.0,0.0,0.0,0.0,0.0,0.0,0.0,0.0,0.004289723677905641,0.0,0.0,0.0,0.0,0.0,0.0,0.3677449287708116,0.0,0.0,0.0,0.0,6.0
vivri,1.0,0.0,0.0,0.0,0.0,0.0,0.0,0.0,0.0,0.0,0.0,0.0,0.0,0.0,0.0,0.0,0.0,0.0,0.0,0.0,0.0,0.0,0.0,0.0,0.0,0.0,0.0,0.0,0.0,1.0,24.0
cko,2.0,7.0,0.0017018393407811016,0.011782062007381832,0.00048185396133667316,0.0,0.0,0.0,0.0,0.0,0.0024818304646828542,0.0,0.0,0.01790906613786062,0.0,0.0,0.0,0.0,0.0,0.0,0.0,0.0,0.0,0.0,8.195069162486796e-05,0.011589803585373676,0.0,0.0,0.0,0.9539715938109584,24.0
TA2WK,2.0,33.0,0.0,0.0,0.0,0.0,0.0,0.0,0.0,0.5291693088142042,0.4708306911857958,0.0,0.0,0.0,0.0,0.0,0.0,0.0,0.0,0.0,0.0,0.0,0.0,0.0,0.0,0.0,0.0,0.0,0.0,0.0,11.0
masakih,1.0,13.0,0.0,0.0,0.0,0.0,0.0,0.0,0.0,0.0,0.008327723934164517,0.8987627551780215,0.0,0.0,0.0,0.0,0.0,0.07565242772810399,0.0,0.0,0.0,0.0,0.0,0.0,0.0,0.0,0.0,0.0,0.0,0.017257093159710017,23.0
tonyfahrion,2.0,232.0,0.010254633595066362,0.007056053140924188,0.0,0.0,0.5657951323281626,0.0,0.0,0.09524380546699018,0.0,0.0,0.21892685196785566,0.0369762036864215,0.0,0.0,0.0,0.0,0.0,0.0,0.0,0.0,0.0,0.0,0.0038500579119482704,0.0540212369378514,0.0,0.0,0.0,0.007876024964779819,9.0
neptunius,1.0,5.0,0.0,1.0,0.0,0.0,0.0,0.0,0.0,0.0,0.0,0.0,0.0,0.0,0.0,0.0,0.0,0.0,0.0,0.0,0.0,0.0,0.0,0.0,0.0,0.0,0.0,0.0,0.0,0.0,3.0
teaguesterling,1.0,29.0,0.5290436367605877,0.03042532324026835,0.0,0.0,0.001591494659676302,0.0,0.0,0.041103118690153775,0.053507102147453064,0.0,0.0,0.0002634111890217561,0.0,0.0,0.0,0.0,0.0,0.0,0.0,0.0,0.0,0.0,0.003889810248607415,0.32717375411980615,0.0,0.0,0.0,0.013002348944425427,14.0
weboo,1.0,12.0,7.56453959562662e-06,0.000288079440930251,0.0,0.0,0.0,0.0,1.3969615828897053e-06,0.0021854748519359386,0.9925542567192553,0.0,0.0,0.00022071255437543886,0.0,0.0,0.0,3.209618808924415e-05,0.0,0.0,0.0,0.0,0.00027965489225033216,0.0,3.552147298414372e-06,2.4502145609079204e-06,0.0,0.0,0.0,0.004424761490125556,21.0
viniciusfs,1.0,1.0,0.0,0.07619498343587316,0.0,0.0,0.0,0.0,0.006321001090224195,0.0,0.0,0.0,0.0,0.008763946343342065,0.0,0.0,0.0,0.0,0.0,0.0,0.0,0.0,0.0,0.0,0.0,0.0,0.0,0.0,0.0,0.9087200691305606,24.0
drdator,2.0,4.0,1.0,0.0,0.0,0.0,0.0,0.0,0.0,0.0,0.0,0.0,0.0,0.0,0.0,0.0,0.0,0.0,0.0,0.0,0.0,0.0,0.0,0.0,0.0,0.0,0.0,0.0,0.0,0.0,14.0
CoadyTech,2.0,114.0,0.2965363661669384,0.0,0.0,0.0,0.0,0.0,0.0,0.0,0.0,0.0,0.0,0.0,0.0,0.0,0.0,0.0,0.0,0.0,0.0,0.0,0.0,0.0,0.33499025728715154,0.36847337654591006,0.0,0.0,0.0,0.0,14.0
juanplopes,2.0,2187.0,0.0,0.030933013501799052,0.5383560342473074,0.06411038937905975,0.0,0.0,0.0,0.3618137772975027,0.0,0.0,0.0,0.004470912351118025,0.0,0.0,0.0,0.0,0.0,0.0,0.0,0.0,0.0,0.0,0.0,0.0,0.0,0.0,0.0,0.0003158732232131194,2.0
iit2008068,1.0,0.0,0.0007685043601262796,0.04346428858359444,0.0024003413818854237,0.0,0.0,0.0,0.0,0.0,0.0,0.0,0.0,0.0015136309098117,0.0,0.0,0.0,0.0,0.0,0.0,0.0,0.0,0.0,0.0,3.457281825760898e-05,0.9461622196144439,0.0,0.0,0.0,0.005656442331880616,1.0
akara,2.0,0.0,0.0033962325492347283,0.0012769576361757015,0.1291089575907636,0.0,0.0,0.0,0.0,0.0,0.0,0.0,0.0,0.003748821478277787,0.0,0.0,0.0,0.0,0.0,0.0,0.0,0.0,0.0,0.0,0.002623710592736436,6.966630870225083e-05,0.0,0.0,0.0,0.8597756538441095,24.0
dusanx,2.0,6.0,0.0,0.8906786507776207,0.0,0.0,0.0,0.0,0.0,0.0,0.0,0.0,0.0,0.0,0.0,0.0,0.0,0.0,0.0,0.0,0.0,0.0,0.0,0.0,0.0,0.0,0.0,0.0,0.0,0.10932134922237932,3.0
robconery,2.0,318.0,0.10273191211336814,0.0,0.0,0.0,0.0,0.0,0.0,0.0,0.0,0.0,0.0,8.709659870362743e-05,0.0,0.0,0.0,0.0,0.0,0.0,0.0,0.0,0.0,0.0,0.6478968583318884,0.0,0.0,0.0,0.0,0.2492841329560398,14.0
justinbmeyer,1.0,145.0,0.9565037169275459,0.0,0.0,0.0,0.0009251957312433676,0.0,0.0,0.0,0.0,0.0,0.0,7.032319550185109e-05,0.0,0.0,0.0,0.0,0.0,0.0,0.0,0.0,0.0,0.0,0.013210558938662523,0.029097460223318737,0.0,0.0,0.0,0.00019274498372760874,14.0
ei-grad,1.0,1068.0,0.0,0.9389889311085412,0.0,0.0,0.0,0.0,0.0,0.0,0.0,0.0,0.0,0.043168676689245004,0.0,0.0,0.0,0.0,0.0,0.0,0.0,0.0,0.0,0.0,0.0,0.0,0.0,0.0,0.0,0.01784239220221378,3.0
cleishm,2.0,69.0,0.15369330869610248,0.0,0.0,0.0,0.0,0.0,0.0,0.0009591895837552602,0.752616496345646,0.0,0.0,0.0018438341723493483,0.0,0.0,0.0,0.0,0.0,0.0,0.0,0.0,0.0,0.0,0.000651773939993258,0.0011782067376801201,0.0,0.0,0.0,0.08905719052447351,21.0
agregoire,2.0,7.0,0.7290182406144207,0.0,0.0,0.0,0.0,0.0,0.10343085240766005,0.0,0.0,0.0,0.0,0.0,0.0,0.0,0.0,0.0,0.0,0.0,0.0,0.0,0.0,0.0,0.030695770804911322,0.13685513617300793,0.0,0.0,0.0,0.0,14.0
pderksen,2.0,3.0,0.06364274743341529,0.0,0.0,0.0,0.9083865240077581,0.0,0.0,0.0,0.0,0.0,0.0,0.0,0.0,0.0,0.0,0.0,0.0,0.0,0.0,0.0,0.0,0.0,0.0,0.004072960834343729,0.0,0.0,0.0,0.023897767724482915,9.0
0x26res,2.0,240.0,0.0,0.01921249613773261,0.007550109804677248,0.0,0.0,0.0,0.0,0.022655312984859913,0.0,0.0,0.0,0.0,0.0,0.0,0.0,0.0,0.0,0.0,0.0,0.0,0.0,0.0,0.0,0.0,0.0,0.0,0.0,0.9505820810727302,24.0
stipsan,1.0,5691.0,0.39871865158014536,0.0,0.0,0.0,0.0,0.5316803975129497,0.0,0.0,0.0,0.005641401317806223,0.0,0.001611243750456576,0.0,0.0,0.0,0.0,0.0,0.0,0.0,0.0,0.0,0.0,0.04518651170507139,0.01687163371240801,0.0,0.0,0.0,0.00029016042116273086,10.0
markwilson,1.0,3.0,0.44720914593140554,0.0,0.0,0.0,0.0,0.0,0.0,0.0,0.0,0.0,0.0,0.0,0.0,0.0,0.0,0.0,0.0,0.0,0.0,0.0,0.0,0.0,0.20331764178435327,0.2717626840020922,0.0,0.0,0.0,0.077710528282149,14.0
arnath,1.0,115.0,0.14714184897671137,0.0,0.0,0.0,0.0,0.15396377322982827,0.0,0.0,0.0,0.0,0.0,0.0,0.0,0.0,0.0,0.0,0.0,0.0,0.0,0.0,0.0,0.0,0.15219948247471182,0.04034344860032933,0.0,0.0,0.0,0.5063514467184191,24.0
brunomlopes,2.0,727.0,0.0,0.003254039052433343,0.0,0.8653018138566756,0.0,0.0,0.0,0.0,0.0,0.0,0.0,0.00028843294677371393,0.0,0.0,0.13008425017345623,0.0,0.0,0.0,0.0,0.0,0.0,0.0,0.0,0.0,0.0,0.0,0.0,0.001071463970661116,8.0
leogomes,1.0,8.0,0.005234315425602478,0.0,0.026466958771594117,0.0,0.0,0.0,0.012292457413029432,0.5846380548904034,0.3285886165609051,0.0,0.0,0.040732921866862885,0.0,0.0,0.0,0.0,0.0,0.0,0.0,0.0018424370369451335,0.0,0.0,0.0,8.2076967198799e-05,0.0,0.0,0.0,0.00012216106745867759,11.0
brianly,2.0,36.0,0.0,0.0,0.0,1.0,0.0,0.0,0.0,0.0,0.0,0.0,0.0,0.0,0.0,0.0,0.0,0.0,0.0,0.0,0.0,0.0,0.0,0.0,0.0,0.0,0.0,0.0,0.0,0.0,8.0
dcfranca,2.0,1631.0,0.057494757518647306,0.7137737902476575,0.0,0.0,0.0,0.0,0.0,0.0008427786478379741,0.0,0.0,0.19265123563294667,0.0,0.0,0.0,0.0,0.0,0.0,0.0,0.0,0.0,0.0,0.0,0.0,0.0,0.0,0.0,0.0,0.03523743795291057,3.0
vsayer,1.0,5.0,0.002588769445205592,0.05384811657655848,0.00017195602660092734,0.0,0.06600796342502759,0.0010050122576359829,0.0,0.0,0.0,0.0,0.05327622011175355,0.01107865782291611,0.0,0.7549588656619224,0.0,0.0,0.0,0.0,0.0,0.0352092991437111,0.0,0.0,4.476315613103506e-05,0.0005001116473508933,0.0,0.0,0.0,0.021310264725186354,18.0
steeleprice,1.0,4.0,0.0012413123088008352,0.0002826785291404175,6.124991748678178e-06,0.8864634953684902,0.0,0.005981547925331764,0.0,0.027604118618622192,0.006511432282584709,0.0,0.0,0.004480707233928762,0.0,0.0,0.006225371945203908,0.0,0.0,0.0,0.0,0.0,0.0,0.0,4.981272910299409e-05,9.122173729962641e-05,0.0,0.0,0.0,0.061062176329745865,8.0
fgnass,1.0,733.0,0.00967875569615486,0.0,0.0,0.0,0.0,0.9762362068316198,0.0,0.0,0.0,0.0,0.0,0.0,0.0,0.0,0.0,0.0,0.0,0.0,0.0,0.0,0.0,0.0,0.0,0.014085037472225361,0.0,0.0,0.0,0.0,10.0
asmeets,2.0,597.0,0.002469118194016407,0.0,0.0,0.0,0.0,0.959397515412103,0.0,0.013861292718597326,0.0,0.0,0.0,0.0001333027596414101,0.0,0.0,0.0,0.0,0.0,0.0,0.0,0.0,0.0,0.0,0.01125887176493951,0.008999307703363508,0.0,0.0,0.0,0.003880591447338827,10.0
sidsukana,2.0,377.0,0.0,0.0,0.0,0.0,0.0,0.0,0.0,0.8125744851993317,0.09260448442645085,0.0,0.0,0.0,0.0,0.0,0.0,0.0,0.0,0.0,0.0,0.0,0.0,0.0,0.0075074401709116275,0.07525664892221288,0.0,0.0,0.0,0.012056941281092949,11.0
natebeck,1.0,383.0,0.1463992640294388,0.00722197397818373,0.0,0.0,0.0,0.0,0.0,0.0,0.0,0.0,0.0,0.005526087527927454,0.0,0.0,0.0,0.0,0.0,0.0,0.0,0.0,0.0,0.0,0.0102688921014588,0.052204494677355766,0.0,0.0,0.0,0.7783792876856355,24.0
movingelectrons,1.0,7.0,0.2542490448594907,0.0,0.0,0.0,0.0,0.0,0.0,0.01624381131341454,0.4824416853535335,0.0,0.0,0.012732760065523312,0.0,0.0,0.0,0.0,0.0,0.0,0.0,0.0,0.0,0.0,0.055850182097553394,0.13891284641047003,0.0,0.0,0.0,0.03956966990001456,21.0
louth,2.0,6.0,0.0,0.0,0.01219470167528908,0.0,0.0,0.0,0.0,0.0,0.0,0.0,0.0,0.00010845591216490164,0.5842773389987188,0.0,0.0,0.0,0.0,0.0,0.0,0.0,0.0,0.0,0.0,0.0,0.0,0.0,0.0,0.4034195034138272,20.0
kpot,1.0,39.0,0.0,0.11680339687333251,0.0,0.0,0.0,0.0,0.0,0.6540516115847913,0.006769677910105471,0.0,0.0,0.0,0.0,0.2169394080448678,0.0,0.0,0.0,0.0,0.0,0.0,0.0,0.0,0.0023360316072705803,0.0009023512448768747,0.0,0.0,0.0,0.002197522734755509,11.0
davidphilipbarr,2.0,56.0,0.0,0.0,0.0,0.0,0.0,0.0,0.0,0.0,0.8030046550994498,0.0,0.0,0.0,0.0,0.0,0.0,0.0,0.0,0.0,0.0,0.0,0.0,0.0,0.0,0.0,0.0,0.0,0.0,0.19699534490055015,21.0
Bellardia,1.0,1522.0,0.03668341305659785,0.006769311420394819,0.0,0.0,0.7770870087695807,0.040461404832069066,0.0,0.0,0.039420569132426135,0.0,0.0,0.0021403469116119843,0.0,0.0,0.0,0.0,0.0,0.0,0.0,0.0,0.0,0.0,0.004728470418942511,0.00034458528147887895,0.0,0.0,0.0,0.0923648901768981,9.0
fragglet,1.0,3766.0,0.0,0.017776950930741824,0.0,0.0,0.0,0.0,0.00022943443194124678,0.0003939186754285377,0.9427521728556011,0.0,0.014619134625432826,0.008381011114167529,0.0,0.0,0.0,0.003225109574154511,0.0,0.0,0.0,0.0,0.0,0.0,0.0,0.0,0.0,0.0,0.0,0.012622267792532416,21.0
nahue,2.0,2400.0,0.012470662691962715,0.0,0.0,0.0,0.0,0.7252550574960812,0.0,0.0,0.0,0.0,0.0,0.000509431209599737,0.0,0.005244533052808237,0.0,0.00012170801597506153,0.0,0.0,0.0,0.0,0.0,0.0,0.2545634301785929,0.001730577103506569,0.0,0.0,0.0,0.00010460025147357782,10.0
guyboltonking,2.0,1237.0,0.11898601119757563,0.03429245523227715,0.5769516248206841,0.0,0.0,0.0,0.0,0.0,0.0,0.0,0.0,0.003446516539339964,0.019884728578415216,0.0,0.0,0.0,0.0,0.0,0.0,0.0,0.0,0.0,0.00302038604444248,0.18035384684860406,0.0,0.0,0.0,0.06306443073866143,2.0
nclack,2.0,679.0,0.0,0.025560307790688363,0.0,0.0,0.0,0.0,0.0,0.7819205787303122,0.11092712340710972,0.0,0.0,0.0,0.0,0.04436338280729241,0.0,0.0,0.0,0.0,0.0,0.0,0.0,0.0,0.0,0.0,0.0,0.0,0.0,0.037228607264597265,11.0
sirpengi,2.0,44.0,0.1998414199866459,0.19497273536612508,0.0,0.0,0.0,0.0,0.0,0.0,0.0,0.0,0.0,0.0004034052971288671,0.0,0.0,0.0,0.0,0.0,0.0,0.0,0.0,0.0,0.0,0.6047824393501001,0.0,0.0,0.0,0.0,0.0,14.0
dvcolgan,2.0,26.0,0.3508510811271989,0.1521520251648068,0.0,0.0,0.0,0.0,0.0,0.0,0.005968690506288969,0.0,0.0,0.004836774494993036,0.0,0.0,0.0,0.0,0.0,0.0,0.0,0.0,0.0,0.0,0.0572825141459722,0.1763430447021953,0.0,0.0,0.0,0.25256586985854473,14.0
koeninger,2.0,112.0,0.0,0.0,0.0,0.0,0.0,0.0,0.0,0.041237865849208084,0.02342894679220495,0.0,0.0,0.0,0.0,0.16968651923217284,0.0,0.0,0.0,0.0,0.0,0.0,0.0,0.0,0.0,0.20253996058681847,0.0,0.0,0.0,0.5631067075395957,24.0
shanberg,1.0,144.0,0.017332242571701982,0.0,0.0,0.0,0.0,0.1582041072609104,2.7168417017088936e-05,0.0,0.0,0.0,0.0,0.0023654635082878766,0.0,0.0,0.0,0.0,0.0,0.0,0.0,0.0,0.0,0.0,0.0052658429605122155,0.0017913042953267304,0.0,0.0,0.0,0.8150138709862437,24.0
pattertom,1.0,0.0,0.05197932868395966,0.0,0.0,0.0,0.0,0.0,0.0,0.0,0.0,0.0,0.0,0.9354272239225327,0.0,0.0,0.0,0.0,0.0,0.0,0.0,0.0,0.0,0.0,0.003512116802970247,0.009081330590537354,0.0,0.0,0.0,0.0,15.0
tybl,1.0,732.0,0.0,0.0,0.0,0.0,0.0,0.0,0.0,0.0,0.0,0.0,0.0,0.0,0.0,0.0,0.0,0.0,0.0,0.0,0.0,0.0,0.0,0.0,0.0,0.0,0.0,0.0,0.0,1.0,24.0
corourke,1.0,37.0,0.0,0.0,0.5797700056458562,0.0,0.0,0.2406917659644014,0.0,0.0,0.0,0.0,0.0,0.09134401093513209,0.0,0.0,0.0,0.0,0.0,0.0,0.0,0.0,0.0,0.0,0.0,0.0,0.0,0.0,0.0,0.08819421745461029,2.0
ezzatron,1.0,2470.0,0.019908320937433593,0.0,0.0,0.0,0.0,0.9617133663216053,0.0,0.0,0.0,0.0,0.0,0.0,0.0,0.0,0.0,0.0,0.0,0.0,0.0,0.0,0.0,0.0,0.004474666828572296,0.0,0.0,0.0,0.0,0.013903645912388816,10.0
romannurik,1.0,121.0,0.1735346465882805,0.13882654084098053,0.05734359245339991,0.0,0.0,0.015252900511795913,0.0,0.0,0.0,0.0,0.0,0.0,0.512162076712036,0.0,0.0,0.0,0.0,0.0,0.0,0.0,0.0,0.0,0.01399902258303755,0.029310254398008696,0.0,0.0,0.0,0.05957096591246089,20.0
LK4D4,1.0,0.0,0.0,0.0,0.0,0.0,0.0,0.0,0.0,0.0,0.0,0.0,1.0,0.0,0.0,0.0,0.0,0.0,0.0,0.0,0.0,0.0,0.0,0.0,0.0,0.0,0.0,0.0,0.0,0.0,4.0
jcoenen,2.0,0.0,0.06901822075024264,0.0,0.0,0.0,0.002839175113316857,0.0,0.0028366736374460934,0.0,0.0,0.0,0.0,0.0,0.0,0.0,0.0,0.0,0.0,0.0,0.0,0.0,0.0,0.0,0.20759748251468366,0.7095411292662671,0.0,0.0,0.0,0.008167318718043645,1.0
jpgnotgif,1.0,512.0,0.12632443266047402,0.0,0.0,0.0,0.0,0.0,0.0004408876808296778,0.0018232121296695163,0.026809206867331233,0.0,0.011818014508845056,0.0037970945906317436,0.0,0.0,0.0,0.3448671977543042,0.0,0.0,0.0,0.0,0.0,0.0,0.00011224434076168403,0.00027808282621137934,0.0,0.0,0.0,0.4837296266409415,12.0
dpetzold,2.0,27.0,0.0,0.49471540595081226,0.0,0.0,0.0,0.0,0.0,0.0,0.0,0.0,0.47999963141453883,0.005012762271592197,0.0,0.0,0.0,0.0,0.0,0.0,0.0,0.0,0.0,0.0,0.0,0.0,0.0,0.0,0.0,0.02027220036305668,4.0
mikwat,1.0,804.0,0.04902125271950646,0.0,0.041882920720140895,0.0,0.4808976732118185,0.0,0.3956713433468014,0.0,0.0,0.0,0.0,0.0,0.0,0.0,0.0,0.0,0.0,0.0,0.0,0.0,0.0,0.0,0.0118526016038785,0.0,0.0,0.0,0.0,0.020674208397854284,9.0
mmwaikar,2.0,197.0,0.05646715081196672,0.0,0.4665791535220512,0.0,0.0,0.0,0.0,0.0,0.0,0.0,0.0,0.0,0.0,0.0,0.0,0.0,0.0,0.0,0.0,0.0,0.0,0.0,0.0,0.0,0.0,0.0,0.0,0.4769536956659821,2.0
mrdcmiller,2.0,2.0,0.0,0.0,0.0,0.0,0.0,0.0,0.020449150995070293,0.0,0.0,0.7679995131154524,0.0,0.0,0.0,0.0,0.0,0.0,0.0,0.0,0.0,0.0,0.0,0.0,0.0,0.0,0.0,0.0,0.0,0.21155133588947722,23.0
rshoemake,1.0,9.0,0.0,0.0,0.0,1.0,0.0,0.0,0.0,0.0,0.0,0.0,0.0,0.0,0.0,0.0,0.0,0.0,0.0,0.0,0.0,0.0,0.0,0.0,0.0,0.0,0.0,0.0,0.0,0.0,8.0
charlieman,1.0,4.0,0.0,0.6554992212612254,0.0,0.0,0.0,0.0,0.0,0.0,0.0,0.0,0.0,0.0,0.0,0.0,0.0,0.0,0.0,0.0,0.0,0.0,0.0,0.0,0.0,0.0,0.0,0.0,0.34450077873877455,0.0,17.0
minoki,1.0,502.0,0.004382058859247865,0.0,0.0,0.0,0.0,6.459720199372804e-05,0.0,0.017735161807378035,0.005749581625455087,0.0,0.0,0.00030403749738381334,0.0,0.0,0.0,0.0,0.0,0.0,0.0,0.0,0.002063880603699611,0.0,0.0,0.0,0.0,0.0,0.0,0.9697006824048419,24.0
mirko,1.0,17.0,0.00015802686931186088,0.05431860087219599,0.0,0.0,0.0,0.0,0.0,0.020481738203952653,0.8079342630035515,0.0,0.0,0.031966060103594846,0.0,0.0,0.0,0.0,0.0,0.0,0.0,0.0,0.0064677594786334775,0.0,0.0,0.000656891194328962,0.0,0.0,0.0,0.07801666027443073,21.0
ultimateboy,2.0,0.0,2.5512153293657196e-05,0.0006480766128689924,0.0,0.0,0.0,0.0,0.0,0.0,5.521265787678889e-05,0.0,0.9664062106457701,0.026736114058993492,0.0,0.0,0.0020776203372754776,0.0,0.0,0.0,0.0,0.0,0.0,0.0,0.0022101476959822956,0.00019279150783476387,0.0,0.0,0.0,0.001648314330104341,4.0
sushil,1.0,0.0,0.003141109878868903,0.0077466678820288445,0.3294131573083779,0.0,0.0,0.0,0.0,0.0,0.0,0.0,0.0038165220892075837,0.0013734542112299466,0.0,0.0,0.0,0.0,0.0,0.0,0.0,0.0,0.0,0.0,0.005451089268351969,0.5014807479035003,0.0,0.0,0.0,0.14757725145843462,1.0
sideshowcoder,1.0,42.0,0.014290505528904164,0.0005318719504359812,0.6211496610012291,0.0,0.023215404769939007,0.0,0.011371949776635758,0.0,0.0,0.0,0.0,0.0013014012847857809,0.0,0.0,0.0,0.0,0.0,0.0,0.0,0.0,0.0,0.0,1.611733183139337e-05,0.00034124787123013776,0.0,0.0,0.0,0.32778184048500864,2.0
yyamano,2.0,63.0,0.12736594413085223,0.0025646284141673543,0.647057542340867,0.0,0.0,1.8858921364362348e-06,0.05501069707602409,0.004530837368649462,0.13885809009269123,0.0,0.0,0.0034704852703688924,0.0,0.0,1.6825116119186016e-05,0.0,0.0,0.0,0.0,0.0,0.0,0.0,5.9572004545074005e-05,0.004874513476807077,0.0,0.0,0.0,0.016188978816772046,2.0
bear454,1.0,604.0,0.0,0.13676457745043813,0.0,0.0,0.0,0.0,0.019163131416049816,0.0,0.0,0.0,0.0,0.01650871616811473,0.0,0.0,0.0,0.0,0.0,0.0,0.0,0.0,0.0,0.0,0.003464236849000029,0.8200264118286883,0.0,0.0,0.0,0.004072926287708972,1.0
barnes,2.0,178.0,0.7103367962979988,0.0,0.0,0.0,0.0,0.0,0.0,0.0,0.0,0.0,0.0,0.0,0.0,0.0,0.0,0.0,0.0,0.0,0.0,0.2227329839722963,0.0,0.0,0.012564739051821887,0.030369893659403634,0.0,0.0,0.0,0.02399558701847936,22.0
jrforrest,2.0,63.0,0.0,0.22672612103834372,0.0,0.0,0.0,0.0,0.32592697578578983,0.0,0.06984071606903394,0.0,0.0,0.024824744066373756,0.0,0.121398122608288,0.0,0.0,0.0,0.0,0.0,0.0,0.0,0.0,0.0,0.0,0.0,0.0,0.0,0.23128332043217079,6.0
mikeknox,2.0,19.0,0.01897469680443211,0.0,0.0,0.0,0.0,0.0,0.0,0.0,0.0,0.0,0.0,0.9414775856669223,0.0,0.0,0.0,0.0,0.0,0.0,0.0,0.0,0.0,0.0,0.0,0.0,0.0,0.0,0.0,0.03954771752864564,15.0
djhmateer,1.0,428.0,0.0,0.0,0.0,1.0,0.0,0.0,0.0,0.0,0.0,0.0,0.0,0.0,0.0,0.0,0.0,0.0,0.0,0.0,0.0,0.0,0.0,0.0,0.0,0.0,0.0,0.0,0.0,0.0,8.0
benjaminjkraft,2.0,1670.0,0.17360690692364678,0.5624366671117523,0.0,0.0,0.0,0.0,0.00020525797470443932,0.0,0.0,0.0,0.02876261994447808,0.002254812867384767,0.0,0.0,0.0,0.0,0.0,0.0,0.0,0.0,0.0,0.0,0.03464437723506129,0.17418436602581525,0.0,0.0,0.0,0.023904991917157017,3.0
fidencio,2.0,2381.0,0.0,0.0071503732462828515,0.0,0.0,0.0,0.0,0.0,0.0,0.07409949696177057,0.0,0.33477881554270006,0.13260914823509376,0.0,0.3764932586714232,0.0,0.0,0.003136964351892893,0.0,0.0,0.0,0.0,0.0,0.0,0.0,0.0,0.0,0.0,0.07173194299083667,18.0
carlosm3011,2.0,51.0,0.003370774777672948,0.020285027641908208,0.0,0.0,0.0,0.0,0.0,0.0,0.0,0.0,0.0,0.00025001998459060504,0.0,0.0,0.0,0.0,0.002071108210544526,0.0,0.0,0.0,0.0,0.0,0.0,0.9399555989776637,0.0,0.0,0.0,0.034067470407620044,1.0
notnek,2.0,5751.0,0.06981667526633685,0.0,0.0,0.0,0.7485962303092846,0.0,0.0,0.0,0.0,0.0,0.0,0.0,0.0,0.0,0.0,0.0,0.0,0.0,0.0,0.14735028985947127,0.0,0.0,0.031307858075090296,0.0029289464898169786,0.0,0.0,0.0,0.0,9.0
brandmaier,1.0,315.0,0.0,0.0001932451955917444,0.0,0.0,0.0,0.0,0.0,0.4032538810076781,0.22615987819181957,0.0,0.0,0.0,0.0,0.0,0.0,0.0,0.3602727517903495,0.0,0.0,0.0,0.0,0.0,0.0,0.0,0.0,0.0,0.0,0.01012024381456106,11.0
elvis2,2.0,4.0,0.0003827263465988721,0.04647260745175174,0.0,0.0,0.9278446823399392,0.0,0.0,0.0,0.0,0.0,0.0,0.0002468059645857433,0.0,0.0,0.0,0.0,0.0,0.0,0.0,0.0,0.0,0.0,0.0007021372394071856,0.010419154719845624,0.0,0.0,0.0,0.01393188593787162,9.0
wizardofzos,1.0,2091.0,0.0,0.03996979471731076,0.0,0.0,0.0,0.0,0.0,0.0,0.0009073349279095195,0.0,0.0,0.0,0.0,0.0,0.0,0.0,0.0,0.0,0.0,0.0,0.0,0.0,0.0,0.0,0.0,0.0,0.0,0.9591228703547797,24.0
staabm,2.0,3194.0,0.11155614834869508,0.0020579300459857065,0.0,0.0,0.8487056715704816,0.0,0.0,0.0,0.0,0.0,0.0,0.0014357095932952442,0.0,0.0,0.0,0.0,0.0,0.0,0.0,0.0,0.0,0.0,0.004648577628252344,0.003760715067784126,0.0,0.0,0.0,0.027835247745505942,9.0
JDFagan,2.0,1641.0,0.0,0.9081899371622864,0.0,0.0,0.0,0.0,0.0,0.035502417778560315,0.0,0.0,0.0,0.006720587726333878,0.0,0.0,0.0,0.0,0.0,0.0,0.0,0.0,0.0,0.0,0.0,0.0,0.0,0.0,0.0,0.049587057332819456,3.0
kaztraz,2.0,171.0,0.8384999742330024,0.0,0.0,0.0,0.0,0.0,0.0,0.0,0.0,0.0,0.08925902703816951,0.010328271549799017,0.0,0.0,0.0,0.0,0.0,0.0,0.0,0.0,0.0,0.0,0.03810402136943004,0.022945511389012952,0.0,0.0,0.0,0.0008631944205861133,14.0
katanacrimson,1.0,19.0,0.0,0.02295098659736437,0.0,0.0,0.0,0.0,0.0,0.0,0.0,0.0,0.0,0.03571953396827013,0.0,0.0,0.0,0.0,0.0,0.0,0.0,0.0,0.0,0.0,0.0004246539995579896,0.9351355479367254,0.0,0.0,0.0,0.005769277498082114,1.0
tedivm,2.0,926.0,0.027127699245466548,0.08701242359337759,0.0,0.0,0.37502823066475205,0.0,0.0,0.0,0.0,0.0,0.0,0.007272219240130297,0.0,0.0,0.0,0.0,0.0,0.0,0.0,0.0,0.0,0.0,0.3182055486518085,0.10215981655057517,0.0,0.0,0.0,0.08319406205388985,14.0
tkalve,2.0,1571.0,0.10365603057039674,0.0,0.0,0.5238678197605785,0.0,0.0,0.0,0.0,0.0,0.0,0.0,0.0,0.0,0.0,0.0,0.0,0.0,0.0,0.0,0.0,0.0,0.0,0.046957388574576556,0.32551876109444816,0.0,0.0,0.0,0.0,8.0
joshpeterson,2.0,162.0,0.0007745939836535683,0.0,0.0,0.15110746117243545,0.0,0.0,0.42110177248758773,0.38650573990799825,0.0,0.0,0.0,0.002098899826674185,0.0,0.0,0.0,0.0,0.0,0.0,0.0,0.0,0.0,0.0,0.0002973441421121762,0.027762947588305796,0.0,0.0,0.0,0.010351240891232846,11.0
missu,1.0,0.0,0.7668074684083487,0.0,0.0,0.0,0.0,0.0,0.0,0.0,0.0,0.0,0.0,0.0,0.0,0.0,0.0,0.0,0.0,0.0,0.0,0.0,0.0,0.0,0.13867492545790147,0.058817265369870794,0.0,0.0,0.0,0.03570034076387903,14.0
jnvilo,1.0,82.0,0.0,0.8671345756613287,0.0,0.0,0.0,0.0,0.0,0.0,0.0,0.0,0.0,0.00016833501473515877,0.0,0.0,0.0,0.0,0.0,0.0,0.0,0.0,0.0,0.0,0.0,0.0941647368537952,0.0,0.0,0.0,0.038532352470140994,3.0
Lunatixz,2.0,153.0,0.0,0.9977110123755871,0.0,0.0,0.0,0.0,0.0,0.0,0.0,0.0,0.0,4.089808718776051e-05,0.0,0.0,0.0,0.0,0.0,0.0,0.0,0.0,0.0,0.0,0.0,0.0,0.0,0.0,0.0,0.002248089537225091,3.0
stoprain,2.0,65.0,0.0,0.02152833670055792,0.0,0.0,0.0,0.0,0.00500064789416147,0.18835469559012208,0.15527011711371363,0.44815477917759416,0.0,0.0018597300015147948,0.0,0.06335674877584505,0.0,0.10431461010459385,0.0,0.0,0.0,0.0,0.0,0.0,0.0,0.0,0.0,0.0,0.0,0.012160334641897034,23.0
evermeer,1.0,0.0,0.0,0.0,0.0,0.0,0.0,0.0,0.02402384474863046,0.0,0.0,0.974171083466389,0.0,0.0,0.0,0.0,0.0,0.0018050717849804568,0.0,0.0,0.0,0.0,0.0,0.0,0.0,0.0,0.0,0.0,0.0,0.0,23.0
developingchris,1.0,566.0,0.0,0.0,0.0,0.27661794400732714,0.0,0.0,0.7014488251393926,0.0,0.0,0.0,0.0,0.021933230853280344,0.0,0.0,0.0,0.0,0.0,0.0,0.0,0.0,0.0,0.0,0.0,0.0,0.0,0.0,0.0,0.0,6.0
florish,1.0,55.0,0.0002682137360728154,0.0,0.0,0.0,0.0,0.0,0.01937315574531166,0.0,0.0,0.0,0.0,0.0013047084518210236,0.0,0.0,8.762967213723294e-05,0.0,0.0,0.0,0.0,0.0,0.0,0.0,0.0008656472820500962,0.001385035651280154,0.0,0.0,0.0,0.9767156094613271,24.0
drobati,2.0,26.0,0.11434660758608974,0.0,0.0,0.0,0.0,0.050658648062178256,0.0,0.0,0.0,0.0,0.0,0.0010359359266723113,0.0,0.0,0.0,0.0,0.0,0.0,0.0,0.0,0.0,0.0,0.8233839744855888,0.009985041085218851,0.0,0.0,0.0,0.0005897928542521027,14.0
l3pp4rd,2.0,9.0,0.0,0.0013648238615728862,0.0,0.0,0.7380317248327651,0.0,0.0,0.0,0.0412399395494324,0.0,0.15583154676132568,0.0044116613362387095,0.0,0.0,0.0,0.0,0.0,0.0,0.0,0.0,0.0,0.0,0.0,0.0,0.0,0.0,0.0,0.05912030365866517,9.0
roycocup,2.0,79.0,0.0,0.33606780275562004,0.2009381798404641,0.0,0.0,0.0,0.0,0.0,0.0,0.004577592458303118,0.03611085931834663,0.00259472443799855,0.0014276649746192893,0.0,0.0,0.00043056562726613486,0.0,0.0,0.03373141769398114,0.0,0.0,0.001393672951414068,0.0,0.038864213197969545,0.0,0.0,0.0,0.3438633067440174,5.0
jessecurry,1.0,376.0,0.0,0.0,0.0,0.0,0.0,0.0,0.09635985439417577,0.0,0.0,0.6139365574622985,0.0,0.0,0.0,0.0,0.0,0.28970358814352576,0.0,0.0,0.0,0.0,0.0,0.0,0.0,0.0,0.0,0.0,0.0,0.0,12.0
geekynils,2.0,3.0,0.0,0.001511840900585739,0.0,0.0,0.0,0.0,0.0,0.04136071399299451,0.9408685635573594,0.0,0.0,0.0,0.0,0.0,0.0,0.0006912724941530927,0.0,0.00048478025095478834,0.0,0.0,0.0,0.0,0.0,0.0011830417133392084,0.0,0.0,0.0,0.013899787090613245,21.0
targess,1.0,614.0,0.06570906369981477,0.0,0.0,0.0,0.0,0.0,0.38168614992088123,0.0,0.0,0.0,0.0,0.0,0.0,0.0,0.0,0.0,0.0,0.0,0.0,0.0,0.0,0.0,0.3325098438477485,0.2200949425315555,0.0,0.0,0.0,0.0,14.0
vrozkovec,1.0,2484.0,0.2541143219227376,4.740332288407209e-05,0.6314339860620748,0.0,0.0,0.0,0.0,0.0,0.0,0.0,0.0,0.0009843773417264486,0.0,0.0,0.0,0.0,0.0,0.0,0.0,0.0,0.0,0.0,0.035977467395813735,0.05705766686237774,0.0,0.0,0.0,0.02038477709238558,2.0
henrymai,2.0,500.0,0.0011028749344414873,0.005074011646503581,0.9821513619202058,0.0,0.0,0.0033992877792046678,0.0,0.0,0.0,0.0,0.0,0.003612255601389816,0.0,0.0,0.0,0.0,0.0,0.0,0.0,0.0,0.0,0.0,0.0,0.0,0.0,0.0,0.0,0.004660208118254687,2.0
tomauer,1.0,2.0,0.0,0.0,0.0,0.0,0.0,0.0,0.0,0.0,0.0,0.0,0.0,0.0,0.0,0.0,0.0,0.0,0.9972899570373319,0.0,0.0,0.0,0.0,0.0,0.0,0.0,0.0,0.0,0.0,0.0027100429626681338,16.0
OriPekelman,2.0,136.0,0.0,0.0,0.0,0.0,0.0,0.0,0.5128854394534177,0.0,0.0,0.0,0.047271583111084474,0.03580953522519553,0.0,0.0,0.0,0.0,0.0,0.0,0.0,0.0,0.0,0.0,0.0,0.0,0.0,0.0,0.0,0.40403344221030235,6.0
scholer,1.0,5.0,0.0,0.9955130702635271,0.0,0.0,0.0,0.0,0.0,0.0,0.0,0.0,0.0,0.0,0.0,0.0,0.0,0.0,0.0,0.0,0.0,0.0,0.0,0.0,0.0,0.0,0.0,0.0,0.0,0.004486929736472904,3.0
alexa026,1.0,151.0,1.0,0.0,0.0,0.0,0.0,0.0,0.0,0.0,0.0,0.0,0.0,0.0,0.0,0.0,0.0,0.0,0.0,0.0,0.0,0.0,0.0,0.0,0.0,0.0,0.0,0.0,0.0,0.0,14.0
pbsds,2.0,786.0,0.0003917870187881833,0.01302879411234363,2.005123777938859e-05,0.0,0.0,0.0,0.0,0.0,0.0025453651303655005,0.0,0.0,0.017896763361580328,0.0,0.00025715314896882787,0.0,0.0,0.0,0.0,0.0,0.0,0.0,0.0,1.082795753191208e-05,0.0,0.0,0.0,0.0,0.9658492580326422,24.0
miratcan,2.0,399.0,0.0,0.959369699569142,0.0,0.0,0.0,0.0,0.0,0.0,0.0,0.0,0.0,0.000639463474548184,0.0,0.0,0.0,0.0,0.0,0.0,0.0,0.0,0.0,0.0,0.01788255707406469,0.014897744331585206,0.0,0.0,0.0,0.007210535550659934,3.0
bdevetak,1.0,0.0,0.10506133653598695,0.007145920905893455,0.3893863486889137,0.0,0.0,0.0,0.0006714134568642589,0.0,0.0,0.0,0.0,0.0028620857281747734,0.0,0.0,0.0,0.0,0.0,0.0,0.0,0.0,0.0,0.0,0.002358525635526579,0.003315604357896543,0.0,0.0,0.0,0.48919876469074375,2.0
zrbecker,2.0,981.0,0.06586112298211996,0.15120142268297054,0.0,0.0,0.0,0.0,0.0,0.23481851142144225,0.5399164587325439,0.0,0.0,0.0,0.0,0.0,0.0,0.0,0.0,0.0,0.0,0.0,0.0,0.0,0.006517183859716842,0.0016853003212065234,0.0,0.0,0.0,0.0,21.0
markandrewj,1.0,3.0,0.20717877494994474,0.0,0.0,0.0,0.0,0.0,0.012078110518764304,0.592008451975325,0.003037090877649011,0.0,0.0,0.04852860512684718,0.0,0.0,0.0,0.10792750972058224,0.0,0.0,0.0,0.0,0.0,0.0,0.0,0.0,0.0,0.0,0.0,0.02924145683088754,11.0
mrmonroe,2.0,88.0,0.5454667820401884,0.0,0.0,0.0,0.0,0.0,0.0,0.0,0.0,0.0,0.0,0.0,0.0,0.0,0.0,0.0,0.0,0.0,0.0,0.0,0.0,0.0,0.002134410152869916,0.15079319296221516,0.0,0.0,0.0,0.3016056148447265,14.0
SergeyBiryukov,2.0,2306.0,0.32240205599459415,1.7608709831688313e-05,0.002394518976520501,0.0,0.5260414433446808,0.03947869680103876,7.034291450744629e-05,0.0,0.0,0.0012848944826662169,0.0,0.0007093940444606032,0.0001685492631337126,0.0,0.0,0.0,0.0,0.0,0.0,0.0,0.0,0.0,0.052263294254186056,0.035581503231045045,0.0,0.0,0.0,0.01958769798333493,9.0
johnjohndoe,1.0,1048.0,0.04592056761254618,0.0032584274429015205,0.20484190016726925,0.0,0.0,0.0,0.0,0.0,0.0,0.0,0.0,0.0,0.7249340042955533,0.0,0.0,0.0,0.0,0.0,0.0,0.0,0.0,0.0,0.004630657355392701,0.01641444312633706,0.0,0.0,0.0,0.0,20.0
huntlyc,1.0,86.0,0.10408002697538496,0.18138448665592646,0.0,0.0,0.135638729659186,0.0,0.0,0.0,0.0,0.0,0.0,0.07024839833651793,0.0,0.0,0.0,0.0,0.0,0.0,0.0,0.0,0.0,0.0,0.0,0.0,0.0,0.0,0.0,0.5086483583729846,24.0
richwolf,2.0,277.0,0.0,0.0,0.0,0.0,0.0,0.0,0.0,0.0,0.0,1.0,0.0,0.0,0.0,0.0,0.0,0.0,0.0,0.0,0.0,0.0,0.0,0.0,0.0,0.0,0.0,0.0,0.0,0.0,23.0
grahamb,1.0,18.0,0.2830904260227574,4.4716188953538434e-05,0.0,0.0,0.0,0.0,0.5509499247663386,0.0,0.0,0.0,0.0,0.00040572585252234277,0.0,0.0,0.0,0.0,0.0,0.0,0.0,0.0,0.0,0.0,0.02148417517226948,0.05515368066572806,0.0,0.0,0.0,0.08887135133143055,6.0
rafi,1.0,406.0,0.0,0.0041047512254692164,0.0,0.0,0.0,0.0,0.002240511529967644,0.0,0.007819677697316237,0.0,0.007930240985168827,0.03621839316590485,0.0,0.0,0.0,0.0,0.0,0.0,0.0,0.0,0.0,0.0,0.0016712889254104394,0.0,0.0,0.0,0.0,0.9400151364707627,24.0
ramsesz,1.0,3.0,0.04226028408272438,0.0,0.0,0.0,0.9496230666493568,0.0,0.0,0.0,0.0,0.0,0.0,0.0,0.0,0.0,0.0,0.0,0.0,0.0,0.0,0.0,0.0,0.0,0.006153288007668491,0.001963361260250293,0.0,0.0,0.0,0.0,9.0
attebury,1.0,0.0,0.06823344997328927,0.0,0.0,0.0,0.00733297472554489,0.877781289915912,0.0016359169730545066,0.0,0.0,0.0,0.0,0.0,0.0,0.0,0.0,0.0,0.0,0.0,0.0,0.0,0.0,0.0,0.0412898050023938,0.00372656340980552,0.0,0.0,0.0,0.0,10.0
msuchard,1.0,173.0,0.0,0.0004374464344167635,0.7575930311972796,0.0,0.0,0.0,0.0,0.15175076495616366,0.01878420853188413,0.0,0.0,0.003473987449216641,0.0,0.0,0.0,0.0,0.028574683751283476,0.0,0.0,0.0,0.0,0.0,0.0,0.0018988445532603158,0.0,0.0,0.0,0.03748703312649544,2.0
