Username,CreatedAt,AvatarUrl,Id,Contributions,JavaScript,Python,Java,C#,PHP,TypeScript,Ruby,C++,C,Swift,Go,Shell,Kotlin,Rust,PowerShell,Objective-C,R,MATLAB,Dart,Vue,Assembly,Sass,CSS,HTML,Pascal,Racket,Zig,Other
mojombo,2007-10-20T05:24:19Z,https://avatars.githubusercontent.com/u/1?v=4,1,79,1971706,0,0,0,0,2566242,928419,0,0,0,0,8071,0,0,0,0,0,0,0,0,0,0,7758,17442,0,0,0,240167
defunkt,2007-10-20T05:24:19Z,https://avatars.githubusercontent.com/u/2?u=7675c0370b7876d71d1ee9b250b540fe1be28f23&v=4,1,1,4609687,0,0,0,0,0,470103,0,0,0,358746,47739,0,0,0,0,0,0,0,0,0,0,6399,23938,0,0,0,896415
wycats,2008-01-12T05:38:33Z,https://avatars.githubusercontent.com/u/4?v=4,1,358,3378185,0,0,0,0,2687760,952,0,0,0,0,2309,0,0,0,0,0,0,0,0,0,0,21641,441513,0,0,0,3060
brynary,2008-01-13T10:19:47Z,https://avatars.githubusercontent.com/u/19?u=ce5037f7436cef328289631a36dd76dcb1e2f973&v=4,2,3485,11661,0,0,0,0,0,951748,0,0,0,0,9178,0,0,0,0,0,0,0,0,0,0,0,17954,0,0,0,3142
kevinclark,2008-01-13T18:33:26Z,https://avatars.githubusercontent.com/u/20?v=4,1,18,0,0,0,0,0,0,43311,4285,0,0,0,91565,0,42265,0,0,0,0,0,0,0,0,0,0,0,0,0,8688
technoweenie,2008-01-14T04:33:35Z,https://avatars.githubusercontent.com/u/21?u=e71f27838562042c2cc9d9f87b40e80a365d5ba2&v=4,2,1,0,0,0,0,0,0,326486,0,0,0,1419122,769916,0,0,0,0,0,0,0,0,0,0,0,0,0,0,0,37977
macournoyer,2008-01-14T10:49:35Z,https://avatars.githubusercontent.com/u/22?v=4,1,366,148,0,63148,0,0,0,959258,0,125724,0,0,1508,0,0,0,0,0,0,0,0,0,0,2210,20416,0,0,0,33416
caged,2008-01-15T04:47:24Z,https://avatars.githubusercontent.com/u/25?u=d32693771ae3ac996287a8ab0700e784acdbbe8c&v=4,2,417,77149,0,0,0,0,2569,1863,0,0,0,0,3832,0,0,0,0,0,0,0,0,0,0,59,408,0,0,0,48545
topfunky,2008-01-15T05:40:05Z,https://avatars.githubusercontent.com/u/26?u=fd35cfe4e635388710c9e186ac206986db798656&v=4,2,420,0,0,0,0,0,0,311121,0,0,0,0,2016,0,0,0,0,47740,0,0,0,0,0,0,83774,0,0,0,655
lukas,2008-01-15T12:50:02Z,https://avatars.githubusercontent.com/u/29?u=51f9479a7a7b6c532522af11ef6018a3c16157fa&v=4,2,5,6899,150892,0,0,0,0,20525,0,0,0,0,2290,0,0,0,0,0,0,0,0,0,0,205,4962,0,0,0,636409
qartis,2008-02-27T22:55:05Z,https://avatars.githubusercontent.com/u/1253?u=6d7a90c4c253eb4e46c029fcbd4c70dcf1b765fb&v=4,1,14,0,3606,0,0,0,0,0,476062,558869,0,0,3815,0,0,0,190,0,0,0,0,0,0,0,0,0,0,0,12662
dougal,2008-02-27T22:55:55Z,https://avatars.githubusercontent.com/u/1256?u=72fba4d396c909cb41a961fa3d5ba6ce5bbd0a90&v=4,1,2155,4494,0,0,0,0,0,111469,0,0,0,0,14532,0,0,0,0,0,0,0,0,0,0,18419,0,0,0,0,209143
damog,2008-02-27T22:57:32Z,https://avatars.githubusercontent.com/u/1260?u=fb513e10ee0e76b990d76333d7cd8b3f06dfc679&v=4,1,7,10044,0,0,0,64408,0,23594,0,203,0,0,473,0,0,0,0,0,0,0,0,0,0,2348,3684154,0,0,0,42373
bobbyrward,2008-02-27T22:58:08Z,https://avatars.githubusercontent.com/u/1262?u=345eb74d4596f45e5d3aa90a5074c5e224afe5eb&v=4,1,1511,0,0,0,0,0,0,0,0,0,0,0,21747,0,32203,0,0,0,0,0,0,0,0,0,0,0,0,0,92578
dfdeshom,2008-02-27T22:58:31Z,https://avatars.githubusercontent.com/u/1263?u=6ff2da2980ffdbeba77afb7e7c0ee77d32ffe888&v=4,1,20,0,162614,0,0,0,0,0,22885,57611,0,0,9357,0,0,0,0,0,0,0,0,4495,0,54633,243055,0,0,0,12311652
mikehodgson,2008-03-06T17:17:34Z,https://avatars.githubusercontent.com/u/2416?u=d9655177f4677388ee0c6c22123dfff7dc2c1557&v=4,2,36,5281,0,0,0,0,7522,0,0,0,0,0,0,0,0,0,0,0,0,0,0,0,0,0,1873,0,0,0,2001
mghaught,2008-03-06T17:24:27Z,https://avatars.githubusercontent.com/u/2417?v=4,1,0,322291,0,0,0,0,0,1117655,0,0,0,0,0,0,0,0,0,0,0,0,0,0,0,85114,204901,0,0,0,330355
shuber,2008-03-06T17:28:24Z,https://avatars.githubusercontent.com/u/2419?u=01f3b411bef9a7a59fb39f7da28cf654cf5541f4&v=4,1,1935,0,0,0,0,0,0,149430,0,0,0,0,3598,0,0,0,0,0,0,0,0,0,0,0,0,0,0,0,5744
sandrejev,2008-03-06T18:13:01Z,https://avatars.githubusercontent.com/u/2428?u=ba2b981f2486966ac82626ec971c2a7a113a3e58&v=4,1,46,0,83398,0,0,0,0,0,0,0,0,0,122,0,0,0,0,982506,0,0,0,0,0,0,0,0,0,0,212613
arunagw,2008-03-27T08:53:57Z,https://avatars.githubusercontent.com/u/3948?v=4,1,1205,904919,0,0,0,0,0,16801730,0,0,35234,0,7243,0,0,0,0,0,0,0,0,0,0,67150,118765,0,0,0,55367
mrkn,2008-03-27T12:56:22Z,https://avatars.githubusercontent.com/u/3959?u=951e5e4b534a96a7598601dd6ed25fe7ab8191f7&v=4,1,1264,13080,5419,0,0,0,0,352461,0,175105,0,0,2889,0,0,0,0,0,0,0,0,0,0,25476,29780,0,0,0,8838
coreyhaines,2008-03-27T13:12:53Z,https://avatars.githubusercontent.com/u/3962?v=4,1,789,0,0,0,0,0,0,48028,0,0,0,0,979,0,0,0,0,0,0,0,0,0,0,0,0,0,0,0,0
assaf,2008-04-04T19:43:48Z,https://avatars.githubusercontent.com/u/5158?u=9079d8a9929cc240f3b2e553032578a6a385e841&v=4,2,2389,1655309,0,0,0,0,0,310973,0,0,0,0,0,0,0,0,0,0,0,0,0,0,0,2333,30457,0,0,0,3562
guitsaru,2008-04-04T20:41:33Z,https://avatars.githubusercontent.com/u/5169?u=b3f8a1f2a6765921fa04fb760200b9367a44d8ac&v=4,1,647,9694,0,0,0,0,0,0,0,0,0,0,624,0,0,0,0,0,0,0,0,0,0,4555,18041,0,0,0,184618
jkk,2008-04-04T20:47:39Z,https://avatars.githubusercontent.com/u/5173?u=70e1b2c05c92ba3ec51f2215dbb82844e67a1c69&v=4,2,1,646809,104566,0,0,31951,0,0,257791,0,0,0,8375,0,0,0,0,0,0,0,0,0,0,0,2270,0,0,0,513349
darron,2008-04-04T20:59:06Z,https://avatars.githubusercontent.com/u/5176?v=4,1,2191,25,0,0,0,0,0,59542,0,0,0,203132,44753,0,0,0,0,0,0,0,0,0,0,0,23586,0,0,0,9229
neogeek,2008-04-11T19:30:13Z,https://avatars.githubusercontent.com/u/6753?v=4,1,4761,44574,0,0,226067,0,65683,0,0,0,0,0,6595,0,0,0,0,0,0,0,0,0,0,0,0,0,0,0,535
ayn,2008-04-11T19:47:58Z,https://avatars.githubusercontent.com/u/6760?v=4,2,339,0,3856,0,0,0,0,3331,0,0,19129,0,0,0,0,0,0,0,0,0,0,0,0,0,0,0,0,0,47
fabiofalci,2008-04-11T20:04:30Z,https://avatars.githubusercontent.com/u/6767?u=df109bfe596190d60b7b36d1c99b1e9d385214e6&v=4,1,2125,0,7237,88521,0,0,0,0,0,0,0,208017,0,0,0,0,0,0,0,0,0,0,0,0,0,0,0,0,4385
niklas,2008-05-02T22:32:51Z,https://avatars.githubusercontent.com/u/9176?v=4,1,1528,789,0,0,0,0,0,87533,0,0,0,0,0,0,0,0,0,0,0,0,0,0,0,546,5777,0,0,0,16056
brunoandradd,2008-05-03T04:27:38Z,https://avatars.githubusercontent.com/u/9187?u=c8609d42f5c85075641573e093ee8a65b1890178&v=4,2,143,10225,0,0,0,0,0,103190,0,0,0,0,0,0,0,0,0,0,0,0,0,0,21966,0,5112,0,0,0,206138
cezarsa,2008-05-21T13:33:28Z,https://avatars.githubusercontent.com/u/11041?u=cde690e3dd7a6ebf895e11f3ff144b27f8fcb46c&v=4,2,1889,373315,14845,0,0,0,0,4568,0,4815,0,15347733,167017,0,0,30817,0,0,0,0,0,81,0,27600,0,0,0,0,74111
imnotpete,2008-05-21T13:39:46Z,https://avatars.githubusercontent.com/u/11043?v=4,2,62,46114,0,8803,0,0,0,0,0,0,0,0,0,0,0,0,0,0,0,0,0,0,0,557,57810,0,0,0,0
anlek,2008-05-21T14:28:56Z,https://avatars.githubusercontent.com/u/11052?u=b7470d0f261b6f124b4575b0f9488e590ee26052&v=4,2,880,0,0,0,0,0,0,253174,0,0,0,0,115,0,0,0,0,0,0,0,0,0,0,0,0,0,0,0,3579
rfwatson,2008-06-04T11:10:25Z,https://avatars.githubusercontent.com/u/12555?v=4,2,54,0,0,0,0,0,0,3694,0,0,0,5884,2164,0,16487,0,0,0,0,0,0,0,0,0,0,0,0,0,241827
superisaac,2008-06-04T11:22:45Z,https://avatars.githubusercontent.com/u/12558?v=4,1,811,0,0,0,0,0,0,0,0,0,0,433494,0,0,5464,0,0,0,0,0,0,0,0,0,0,0,0,0,17240
sleistner,2008-06-04T12:39:14Z,https://avatars.githubusercontent.com/u/12568?u=76f995d3eb6fe6905e7533df1d003c8172928e7a&v=4,2,180,779,27257,0,0,0,101507,0,0,0,0,0,4870,0,0,0,0,0,0,0,0,0,0,0,0,0,0,0,21468
virtix,2008-06-04T12:57:01Z,https://avatars.githubusercontent.com/u/12570?u=605d75933c167e0c10f6176271c6803a8b5d890e&v=4,2,0,914198,2523176,0,0,0,0,0,0,3260,0,0,13753,0,0,0,0,0,0,0,0,0,0,0,222281,0,0,0,3494
Porges,2008-06-04T13:38:10Z,https://avatars.githubusercontent.com/u/12575?u=ae06205fa4bc6b68b832c2812449b384b8180b0f&v=4,1,1154,29942,0,0,0,0,105560,312,0,1586,0,2271,2136,0,10556,4252,0,0,0,0,0,0,0,0,0,0,0,0,71393
veged,2008-06-28T12:00:55Z,https://avatars.githubusercontent.com/u/15365?u=bedf0101c37be73011474f9c5b88eb4efcb2a5f4&v=4,2,78,2567655,1706,0,0,0,74513,0,0,0,0,0,4442,0,0,0,0,0,0,0,0,0,0,66896,49629,0,0,0,634
zumbrunn,2008-06-28T17:16:09Z,https://avatars.githubusercontent.com/u/15378?v=4,1,0,420003,0,266724,0,0,0,0,0,0,0,0,0,0,0,0,0,0,0,0,0,0,0,0,0,0,0,0,0
no-donut-for-you,2008-07-09T01:15:26Z,https://avatars.githubusercontent.com/u/16459?u=e72cbaaf37876cda94a1ccd66db43213e80fc2b0&v=4,2,291,66649,13960,0,0,0,0,155185,0,0,0,0,22830,0,0,0,0,0,0,0,0,0,0,930,1974,0,0,0,4746618
erithmetic,2008-07-09T02:40:22Z,https://avatars.githubusercontent.com/u/16464?u=ad3657e6d02fc1bd9db614a3a21da51c1fc82efc&v=4,2,90,0,0,0,0,0,0,25812,0,0,0,0,4064,0,268842,0,0,0,0,0,0,0,0,0,847583,0,0,0,8317
othree,2008-07-09T04:21:39Z,https://avatars.githubusercontent.com/u/16474?v=4,2,1588,511782,0,0,0,0,0,0,0,0,0,0,1320,0,0,0,0,0,0,0,0,0,0,64094,100729,0,0,0,1147060
rumblestrut,2008-07-23T17:13:47Z,https://avatars.githubusercontent.com/u/18155?v=4,1,0,813245,0,0,0,7968,0,0,0,0,0,0,0,0,0,0,0,0,0,0,0,0,0,1094,1598,0,0,0,0
Luzifer,2008-08-09T19:10:28Z,https://avatars.githubusercontent.com/u/20142?u=739e4e56d40389b86a6734fa0d585d7063024f5e&v=4,1,2262,37163,0,0,0,0,0,0,0,0,0,802878,2109,0,0,0,0,0,0,0,151131,0,0,0,13353,0,0,0,14902
dizzyd,2008-08-09T20:07:59Z,https://avatars.githubusercontent.com/u/20146?u=e5a1023844ee0896df5f7b4379c36e4d2ebf253b&v=4,2,275,15919,12227,4736916,0,0,0,0,0,0,0,108040,2034,0,0,0,0,0,0,0,0,0,0,0,0,0,0,0,86982
ThomW,2008-08-09T21:38:00Z,https://avatars.githubusercontent.com/u/20150?u=b310c6b49aceff108b5302df277c2415adf071de&v=4,1,22,3680295,0,0,0,0,0,0,0,11688,0,0,0,0,0,0,0,0,0,0,0,0,0,0,6258,0,0,0,0
cwinters,2008-08-23T04:57:16Z,https://avatars.githubusercontent.com/u/21665?v=4,1,1186,620213,108878,0,0,0,0,102,0,0,0,325752,236,0,0,0,0,0,0,0,0,0,0,602368,246438,0,0,0,0
iamduncan,2008-08-23T06:44:46Z,https://avatars.githubusercontent.com/u/21673?u=007b8e01072880cce70122881dd9390570bb2f48&v=4,2,602,2629,0,0,0,0,119696,0,0,0,0,0,0,0,0,0,0,0,0,0,0,0,0,5116,0,0,0,0,0
sudhirj,2008-08-23T09:47:24Z,https://avatars.githubusercontent.com/u/21678?v=4,2,275,0,0,0,0,0,0,16633,0,0,0,45688,262,0,0,0,0,0,0,0,0,0,0,0,0,0,0,0,24800
Laurian,2008-08-23T10:11:37Z,https://avatars.githubusercontent.com/u/21679?u=0c698b1e3bb8882bb97536535441ab900e53e675&v=4,1,16,913662,80013,0,0,0,0,0,0,0,0,0,1428,0,0,0,0,0,0,0,0,0,0,58597,130018,0,0,0,1593
gregplaysguitar,2008-09-04T05:45:00Z,https://avatars.githubusercontent.com/u/23109?u=07dd26e7761a8d9cdff02df96cac5f8a1eabe3b5&v=4,1,771,14863,59175,0,0,0,243194,0,0,0,0,0,596,0,0,0,0,0,0,0,0,0,0,0,337,0,0,0,72628
theatrus,2008-09-04T07:29:46Z,https://avatars.githubusercontent.com/u/23114?u=072c887ac2dce5396828c1dbca7df89b582690a2&v=4,1,641,0,0,0,0,0,0,0,0,0,0,109635,0,0,146545,0,0,0,0,0,0,0,0,0,0,0,0,0,2114
hiway,2008-09-04T07:56:46Z,https://avatars.githubusercontent.com/u/23116?v=4,1,1125,0,132197,0,0,0,11391,0,0,0,0,0,553,0,0,0,0,0,0,0,0,0,0,469,9049,0,0,0,0
jlukic,2008-09-04T08:53:58Z,https://avatars.githubusercontent.com/u/23123?u=7c4feb97006ffcf08e1304530182dbce9874bc67&v=4,2,524,9963428,0,72855,0,0,244827,5498,0,0,0,0,81326,0,0,50420,0,0,0,0,0,0,0,127881,256330,0,0,0,681574
todb,2008-09-11T13:15:33Z,https://avatars.githubusercontent.com/u/24144?u=a82fe77f5c9acd9d1fa399b61f26ad9eff94f934&v=4,2,209,57685,255196,0,0,1960,0,40938693,0,583361,0,0,14424,0,0,1374064,0,0,0,0,0,37451,0,8338,127797,0,0,0,11643
stephendwolff,2008-09-19T12:28:23Z,https://avatars.githubusercontent.com/u/25349?u=c63d5a549edc47aec57a56e4a3b4a9399ac958f4&v=4,1,19,1335140,16285296,0,0,0,1461866,1428,0,1664,0,0,5784,0,0,0,0,0,0,0,0,0,0,459773,889609,0,0,0,1217
sprql,2008-09-19T13:00:06Z,https://avatars.githubusercontent.com/u/25356?u=23b453f241d1acf1a22152f96ae4b2b63b2b3d36&v=4,2,12,13227,0,0,0,0,0,1747,0,0,7241,0,68,0,0,0,0,0,0,0,0,0,0,40963,24785,0,0,0,108732
defro,2008-09-19T14:02:29Z,https://avatars.githubusercontent.com/u/25364?v=4,1,64,6985034,96972,0,0,646825,0,483,0,0,0,0,14730,0,0,0,0,0,0,0,0,0,0,5821136,13094260,0,0,0,2406130
pepeiborra,2008-09-28T15:50:50Z,https://avatars.githubusercontent.com/u/26626?u=09794c783fa688989937bbbb543411e265ae2f60&v=4,1,126,0,0,0,51936,0,0,0,0,573,0,0,0,0,0,0,0,0,0,0,0,0,0,0,0,0,0,0,347315
koudelka,2008-10-22T14:21:29Z,https://avatars.githubusercontent.com/u/30394?u=7d8bbf88213726d1116789ba6ade04f3a5cde6a1&v=4,1,163,28820,0,0,0,0,0,0,0,0,0,0,148,0,0,0,0,0,0,0,0,0,0,93185,1672,0,0,0,450867
juliend2,2008-10-22T14:23:11Z,https://avatars.githubusercontent.com/u/30395?u=b331d3cca8d63a2488f3561454b34c8048592e4e&v=4,1,310,2333501,0,0,0,12530,0,25398,0,0,0,0,0,0,0,0,0,0,0,0,0,0,0,183042,11063,0,0,0,38
sergi,2008-10-22T14:36:30Z,https://avatars.githubusercontent.com/u/30396?v=4,2,126,71320,0,5884,0,0,0,0,0,0,0,143365,1772,0,0,0,0,0,0,0,0,0,0,1563,4012,0,0,0,5623
gourneau,2008-10-22T14:57:12Z,https://avatars.githubusercontent.com/u/30399?v=4,2,2,0,20696,0,0,0,0,0,0,0,0,0,88,0,0,0,0,148,0,0,0,0,0,0,0,0,0,0,153426
ShawnSpooner,2008-10-22T15:05:54Z,https://avatars.githubusercontent.com/u/30400?u=1d5bc8eb998fdd4323f382cbccd01494def487f7&v=4,1,0,0,26860,0,0,0,0,0,0,0,0,0,188,0,0,0,0,0,0,0,0,0,0,0,0,0,0,0,0
Ragowit,2008-10-30T07:51:18Z,https://avatars.githubusercontent.com/u/31790?u=65387b9d96f9c88526eb0f34d7ca1ff78b8556d1&v=4,2,3109,1402,0,0,22018,562606,0,0,0,0,0,0,0,0,0,0,0,0,0,0,0,0,0,0,0,0,0,0,4750
lukyanov,2008-10-30T08:39:54Z,https://avatars.githubusercontent.com/u/31795?u=4fa9b8e7c41c6ca8a00e74db93b6809dc5ff7031&v=4,2,444,0,0,0,0,0,0,0,0,0,0,0,16034,0,0,0,0,0,0,0,0,0,0,0,0,0,0,0,134977
pertsevds,2008-11-10T11:22:00Z,https://avatars.githubusercontent.com/u/33601?u=ba1aeca2c0be0ae6fddb209426858af426fe02b9&v=4,2,177,0,321768,0,0,0,0,0,0,0,0,0,0,0,0,0,0,0,0,0,0,0,0,0,0,0,0,0,33429
nefarioustim,2008-11-10T13:05:24Z,https://avatars.githubusercontent.com/u/33619?v=4,2,26,0,71771,0,0,0,0,12746,0,0,0,0,0,0,0,0,0,0,0,0,0,0,0,15856,3257,0,0,0,1297
iartarisi,2008-11-19T17:08:19Z,https://avatars.githubusercontent.com/u/35473?v=4,2,16,9865,31322,0,0,0,0,23482,0,0,0,0,0,0,0,0,0,0,0,0,0,0,0,45,0,0,0,0,52946
riferrei,2008-11-19T17:33:49Z,https://avatars.githubusercontent.com/u/35476?u=633a305b593e7bd7ba4b62f2ccf028c86ceec428&v=4,1,228,0,1633,208781,0,0,0,0,0,0,0,88011,178,0,0,0,0,0,0,0,0,0,0,0,0,0,0,0,1886
jwalsh,2008-11-19T18:09:53Z,https://avatars.githubusercontent.com/u/35480?u=366894e614cfb2332abfab171c0bf8823e7eede3&v=4,2,1542,58566,283,0,0,0,0,0,0,0,0,0,6233,0,0,0,0,0,0,0,0,0,0,6626,27369,0,0,0,4502
aqubi,2008-11-30T13:58:37Z,https://avatars.githubusercontent.com/u/37358?u=c814f80548ab6c4b26e03bb00c5f9d497f2d85f8&v=4,1,458,0,0,0,0,0,0,0,0,0,33495,0,0,0,0,0,0,0,0,0,0,0,0,0,0,0,0,0,235785
nickdenardis,2008-11-30T14:05:23Z,https://avatars.githubusercontent.com/u/37359?u=a35b02c25d9719b7cf94825944c7b3f6bbca54a8&v=4,2,175,33063,0,0,0,451760,0,0,0,0,0,0,3163,0,0,0,0,0,0,0,3797,0,0,6570,230269,0,0,0,217279
tiff,2008-11-30T14:32:56Z,https://avatars.githubusercontent.com/u/37363?v=4,1,2921,21679,109735,5863409,0,0,2091,0,0,0,0,0,80049,0,0,0,0,0,0,0,0,0,0,9058,731213,0,0,0,112865
juniorbl,2008-11-30T15:13:24Z,https://avatars.githubusercontent.com/u/37365?u=afc73bd670f37a80243df86d0b9169850bce8aa6&v=4,1,52,21974,7267,65807,0,0,0,11561,0,0,39659,0,1379,0,0,0,0,0,0,0,0,0,0,80,4393,0,0,0,19243
dangra,2008-11-30T15:44:00Z,https://avatars.githubusercontent.com/u/37369?u=32bbcc0f899f6273e4144ec870c57406253f26d8&v=4,1,2375,0,2173587,0,0,0,0,0,0,0,0,0,259,0,3060,0,0,0,0,0,0,0,0,0,3290,0,0,0,2437
wes,2008-12-05T09:36:48Z,https://avatars.githubusercontent.com/u/38490?v=4,1,2178,45867,0,0,0,0,0,0,0,0,0,0,0,0,0,0,0,0,0,0,0,0,0,0,0,0,0,0,181503
darobin,2008-12-05T09:38:20Z,https://avatars.githubusercontent.com/u/38491?u=293aee6c35fbf5ebd1f7292cb4635a44583f5764&v=4,1,1191,39349390,5471490,0,0,0,149005,0,1797057,5227,0,6528,91074,0,0,0,0,0,0,0,0,0,0,690008,143860915,0,0,0,497159
biztos,2008-12-14T21:45:15Z,https://avatars.githubusercontent.com/u/40407?u=1c82c8d9b2c37ae9853b28af4378107f52ba8b84&v=4,2,72,0,0,0,0,0,0,0,0,0,0,78375,0,0,0,0,0,0,0,0,0,0,0,0,0,0,0,0,0
mlinksva,2008-12-14T22:16:58Z,https://avatars.githubusercontent.com/u/40415?u=906cf62dea14a697e26a092d0bc942e917881ffe&v=4,2,603,19564,0,0,0,0,0,206341,0,0,0,0,3293,0,0,0,0,0,0,0,0,0,0,3373,159001,0,0,0,42793
matthewjumpsoffbuildings,2008-12-19T07:35:50Z,https://avatars.githubusercontent.com/u/41524?u=218145972d5f01fdb2053fceff3f922ec83298d2&v=4,1,19,34057,0,0,0,0,0,0,0,0,0,0,0,0,0,0,0,0,0,0,0,0,0,0,0,0,0,0,302
jpf,2008-12-19T09:17:19Z,https://avatars.githubusercontent.com/u/41538?v=4,2,13,16917,10530,0,0,0,0,45606,0,0,0,0,1149,0,0,0,0,0,0,0,0,0,0,982,160008,0,0,0,397
logeshpaul,2008-12-19T09:21:34Z,https://avatars.githubusercontent.com/u/41541?u=c79d5658edfa8ee412fb2c826120adcbb6ee3e82&v=4,1,259,6868655,0,0,0,7222,0,0,0,0,0,0,57354,0,0,0,0,0,0,0,0,0,0,184312,188651,0,0,0,0
arlyxiao,2008-12-26T04:40:54Z,https://avatars.githubusercontent.com/u/42704?v=4,2,33,411359,0,123747,0,0,57858,0,0,0,0,0,0,0,0,0,0,0,0,0,0,0,0,128,2016,0,0,0,0
nathell,2009-01-03T05:24:12Z,https://avatars.githubusercontent.com/u/43891?u=e7b943a08f63c78337f1fe1a4d7e8bc97567a202&v=4,2,786,587,0,0,0,0,0,0,0,0,0,0,40,0,0,0,0,0,0,0,0,0,0,6131,0,0,0,0,212847
ericraio,2009-01-03T05:55:58Z,https://avatars.githubusercontent.com/u/43896?u=f78cf53d841d9ba040691c33bd2c3d015b7c79f3&v=4,1,1584,0,0,0,0,0,0,0,0,0,0,5919,0,0,0,0,0,0,0,0,0,0,0,0,0,0,0,0,0
cullan,2009-01-03T06:48:11Z,https://avatars.githubusercontent.com/u/43900?v=4,2,108,0,0,0,0,0,0,0,0,0,0,0,0,0,0,0,0,0,0,0,0,0,0,302,347,0,0,0,154847
dparnell,2009-01-03T07:09:24Z,https://avatars.githubusercontent.com/u/43903?v=4,2,127,0,0,151215,0,0,0,0,19399,357036,18044,0,0,0,217757,0,30113,0,0,0,0,0,0,0,1079,0,0,0,51764
TJC,2009-01-03T07:46:57Z,https://avatars.githubusercontent.com/u/43905?u=c9af9db288a53616d2089426e7363841a5b858c7&v=4,1,54,0,0,0,0,0,0,0,0,0,0,0,0,0,0,0,0,0,0,0,0,0,0,0,0,0,0,0,39831
ondrejbartas,2009-01-11T20:38:47Z,https://avatars.githubusercontent.com/u/45809?v=4,2,3497,286322,0,0,0,0,49310,89574,0,0,0,0,4223,0,0,0,0,0,0,0,0,0,0,0,9674,0,0,0,0
Baughn,2009-01-11T20:43:32Z,https://avatars.githubusercontent.com/u/45811?u=1c29602b361c8bb64c7aba50493292d5dcb9603e&v=4,2,163,27101,818755,2832523,0,0,0,0,0,172591,0,0,1245975,302124,0,0,0,0,0,0,0,0,0,749,0,0,0,0,65604221
kylelutz,2009-01-11T20:51:54Z,https://avatars.githubusercontent.com/u/45812?v=4,2,0,0,190831,0,0,0,0,0,7291209,172728,0,0,17242,0,0,0,5842,0,0,0,0,0,0,0,495,0,0,0,239716
msproul,2009-01-11T20:55:19Z,https://avatars.githubusercontent.com/u/45813?u=d7317ac93f6408bcf4f5c41b7c5325bce3b96ea1&v=4,1,47,0,0,0,38826,0,0,0,4313118,2018174,0,0,65047,0,0,0,0,0,0,0,0,0,0,327,24939,0,0,0,206122
rullzer,2009-01-11T21:30:24Z,https://avatars.githubusercontent.com/u/45821?u=dc11dd01dcb8fa5b8d84f140cf4dd493bd9b060b&v=4,1,166,0,0,0,0,40237,0,0,0,0,0,0,0,0,0,0,0,0,0,0,0,0,0,0,0,0,0,0,0
amuino,2009-01-18T20:11:26Z,https://avatars.githubusercontent.com/u/47512?v=4,2,0,0,0,0,0,0,0,0,0,0,0,0,70,0,0,0,0,0,0,0,0,0,0,0,0,0,0,0,42521
cybersiddhu,2009-01-23T12:46:07Z,https://avatars.githubusercontent.com/u/48740?u=0679b17a7589245faeea39845e45786a72de21a8&v=4,1,1711,6382,0,0,0,0,683706,0,0,0,0,460033,3412,0,0,0,0,0,0,0,0,0,0,0,1816,0,0,0,12695
tuongaz,2009-01-23T13:07:06Z,https://avatars.githubusercontent.com/u/48744?u=3008b7c50c44e2d01a86c5a66111aa2af0e5071a&v=4,1,460,839,0,0,0,0,13309,0,0,0,0,197190,37680,0,0,0,0,0,0,0,32631,0,0,521,441,0,0,0,4235
jefftriplett,2009-01-30T17:42:25Z,https://avatars.githubusercontent.com/u/50527?u=af1ddfd50f6afd6d99f333ba2ac8d0a5b245ea74&v=4,2,2668,517,37606,0,0,0,0,12375,0,0,0,0,14542,0,0,0,0,0,0,0,0,0,0,2288203,34248,0,0,0,43902
glebpom,2009-02-06T06:03:02Z,https://avatars.githubusercontent.com/u/52258?v=4,1,11227,0,0,0,0,0,0,0,0,0,0,0,0,0,25298,0,0,0,0,0,0,0,0,0,136,0,0,0,0
yteraoka,2009-02-06T06:04:55Z,https://avatars.githubusercontent.com/u/52259?u=860de738517ce7e6485e49d666a0b509c7202839&v=4,1,2052,0,0,0,0,0,0,0,0,0,0,43261,2976,0,0,0,0,0,0,0,0,0,0,0,0,0,0,0,3255
melvinsembrano,2009-02-06T06:53:12Z,https://avatars.githubusercontent.com/u/52263?v=4,1,2061,386016,0,0,0,0,5957,136429,0,0,0,0,0,0,0,0,0,0,0,0,0,0,0,3334,34130,0,0,0,3205
yyamasak,2009-02-06T06:57:49Z,https://avatars.githubusercontent.com/u/52265?v=4,1,2,0,0,0,14592,0,0,0,1698,0,0,0,0,0,0,0,0,0,0,0,0,0,0,0,0,0,0,0,500361
murraycu,2009-02-06T08:12:30Z,https://avatars.githubusercontent.com/u/52274?u=fe528569fbe08e198b0530cac0a9b1ac95dbb4d7&v=4,2,6,1791,15715,593129,0,0,74086,0,748931,13225,0,187338,1816,0,0,0,0,0,0,0,0,0,0,15565,21243,0,0,0,189448
wdenton,2009-02-13T04:29:14Z,https://avatars.githubusercontent.com/u/54162?u=5e7e156dc797c54e77ac06c8fa1e77580998ef7b&v=4,2,473,0,0,0,0,0,0,6378,0,0,0,0,92137,0,0,0,0,0,0,0,0,0,0,0,7779,0,0,0,63190
PJensen,2009-02-13T04:39:39Z,https://avatars.githubusercontent.com/u/54164?u=b13101917fd8cea5228af4232e9dcd044a6c9789&v=4,1,181,0,901,0,452296,0,0,0,0,80210,0,0,165,0,0,0,0,0,0,0,0,0,0,0,0,0,0,0,207
ndp,2009-02-13T05:58:44Z,https://avatars.githubusercontent.com/u/54177?v=4,1,472,495828,0,0,0,0,4797,50120,0,0,0,0,590,0,0,0,0,0,0,0,0,0,0,10013,62330,0,0,0,0
Sharpie,2009-02-13T06:19:09Z,https://avatars.githubusercontent.com/u/54181?v=4,1,89,0,0,0,0,0,0,391916,0,4700,0,0,0,0,0,0,0,0,0,0,0,0,0,0,9437,0,0,0,70384
cmdln,2009-02-18T22:00:42Z,https://avatars.githubusercontent.com/u/55718?v=4,2,0,0,116964,0,0,0,0,0,0,0,0,0,0,0,0,0,0,0,0,0,0,0,0,0,0,0,0,0,3652
syhw,2009-02-24T18:02:47Z,https://avatars.githubusercontent.com/u/57564?u=351bd10d4630462effabd1ed1b595385fe985a81&v=4,1,46,0,260938,0,0,0,0,0,1567787,38500,0,0,47199,0,0,0,0,0,0,0,0,0,0,0,0,0,0,0,260735
adamthehutt,2009-02-24T18:07:46Z,https://avatars.githubusercontent.com/u/57567?u=8d0322c1838824f9290d88092a6240c5748465eb&v=4,1,26,285,0,0,0,71766,0,0,0,0,0,0,0,0,0,0,0,0,0,0,0,0,0,102,0,0,0,0,15522
defrex,2009-02-24T18:56:54Z,https://avatars.githubusercontent.com/u/57580?u=7a61c5cfd4be65ecbf00e643da4d9d72c0406935&v=4,2,1046,0,740,0,0,0,0,0,0,0,0,0,11772,0,0,0,0,0,0,0,0,0,0,0,0,0,0,0,1350
aespinosa,2009-02-28T03:28:08Z,https://avatars.githubusercontent.com/u/58771?v=4,1,3,27101,830278,1387,0,0,0,984016,0,172591,0,0,1363059,0,0,0,0,0,0,0,0,0,0,749,318014,0,0,0,65642071
marksweiss,2009-02-28T03:57:25Z,https://avatars.githubusercontent.com/u/58776?u=bf7b6f80c4ec1dd4890ee3f359f498e2bd6a30bc&v=4,1,879,82681,468106,0,0,0,0,501216,10642420,388699,0,0,14523,0,0,0,0,0,0,0,0,0,0,1127,177275,0,0,0,888333
snapjay,2009-03-05T22:26:21Z,https://avatars.githubusercontent.com/u/60594?u=f18807be7f827a66d7a1c948ac56ef1811218495&v=4,1,437,63120,0,0,0,0,55585,0,0,0,0,0,0,0,0,0,0,0,0,0,113716,0,0,2199,9933,0,0,0,3167
mivok,2009-03-05T22:49:10Z,https://avatars.githubusercontent.com/u/60603?v=4,2,1987,46886,28332,0,0,0,0,99431,0,0,0,0,55987,0,0,0,0,0,0,0,0,0,0,0,0,0,0,0,36840
its-danny,2009-03-05T22:54:17Z,https://avatars.githubusercontent.com/u/60604?u=411ebc31cacde872e04b52cf0e672f2c25c12744&v=4,2,1389,2542,0,0,0,0,17638,0,0,0,0,0,1224,0,289078,0,0,0,0,0,0,0,0,0,0,0,0,0,590
jsimpson,2009-03-11T16:40:12Z,https://avatars.githubusercontent.com/u/62453?u=eebe107e86860a4012f5a329f6a8a2bdf287eab6&v=4,1,503,0,0,0,0,0,113380,2517,0,66344,0,0,0,0,0,0,0,0,0,0,0,0,0,0,0,0,0,0,9578
Spiralis,2009-03-17T18:32:48Z,https://avatars.githubusercontent.com/u/64342?v=4,1,7,2431,0,0,1554795,0,369150,0,0,0,0,0,0,0,0,0,0,0,0,0,0,0,0,0,0,0,0,0,406
aaronmcdaid,2009-03-17T19:03:29Z,https://avatars.githubusercontent.com/u/64350?u=e2bd55cc00dc8d24f60ed5f44a0d9d144b9f9c68&v=4,1,2,0,0,0,0,0,0,0,2283013,91052,0,0,9942,0,0,0,0,50050,0,0,0,0,0,0,7478929,0,0,0,1534746
aowi,2009-03-17T19:07:12Z,https://avatars.githubusercontent.com/u/64353?v=4,2,2,46923,11860265,0,0,0,348916,0,0,358115,0,0,9909,0,0,0,0,0,0,0,0,0,0,50099,75122,0,0,0,1569857
ludoo,2009-03-23T09:58:15Z,https://avatars.githubusercontent.com/u/66007?u=20b61483eaaf3e8e54aa3fd048b1977d04656fa6&v=4,1,938,20769,448083,0,0,0,0,0,0,0,0,16235,25379,0,0,16024,0,0,0,0,0,0,0,2372,2741,0,0,0,2526596
RtpChris,2009-03-25T21:07:36Z,https://avatars.githubusercontent.com/u/67210?u=6573b00143cc8433e2021e6cb6cabf28b275faa3&v=4,2,837,13027,0,0,0,0,4763027,0,0,0,0,0,2704,0,0,0,0,0,0,0,0,0,0,0,7906,0,0,0,62
kljohann,2009-03-25T21:10:33Z,https://avatars.githubusercontent.com/u/67211?u=7567adfdd7ca36e5ec726f3ce9e27935eff0fecb&v=4,2,2,0,146345,0,0,0,0,0,47632,4722,0,0,0,0,0,0,557,0,0,0,0,0,0,0,0,0,0,0,0
josedasilva,2009-03-25T21:12:52Z,https://avatars.githubusercontent.com/u/67213?v=4,1,980,3377,0,0,0,133722,0,0,0,0,0,0,293,0,0,0,0,0,0,0,16571,0,0,116,0,0,0,0,0
fictorial,2009-03-25T21:29:26Z,https://avatars.githubusercontent.com/u/67219?v=4,2,10,482045,119771,0,0,0,0,359,164518,1268,0,0,0,0,0,0,711614,0,0,0,0,0,0,4781,420429,0,0,0,1251
pmundt,2009-03-31T08:22:07Z,https://avatars.githubusercontent.com/u/68849?v=4,1,48,0,0,0,0,0,0,0,0,0,0,43986,461,0,0,0,0,0,0,25399,0,0,0,0,0,0,0,0,2987
Soph,2009-04-05T17:42:26Z,https://avatars.githubusercontent.com/u/70741?u=54538e7ba4f0714d98f7a9289c5b91400b262152&v=4,1,1435,0,0,0,0,0,0,70217,0,0,1787,6789,0,0,324707,0,0,0,0,0,0,0,0,0,0,0,0,0,0
hanspinckaers,2009-04-05T18:17:26Z,https://avatars.githubusercontent.com/u/70747?u=36e0121ad27a55c580610202ce4d403a30d7d4ac&v=4,2,223,98405,237252,0,0,0,0,0,5626,0,0,0,0,0,0,0,0,0,0,0,0,0,0,0,0,0,0,0,1725001
Leninsky,2009-04-10T23:25:10Z,https://avatars.githubusercontent.com/u/72609?u=0884d567ef65c2f6130042a7b595b84600329756&v=4,2,0,1,0,0,0,0,0,0,0,0,0,0,0,0,0,0,0,0,0,0,0,0,0,0,0,0,0,0,0
cjwang,2009-04-11T00:42:07Z,https://avatars.githubusercontent.com/u/72622?u=04c825455825d80b430fbd924212dc54adc0f473&v=4,2,16,0,1167,0,1112329,0,0,0,0,0,0,0,1362,0,0,1732,0,0,0,0,0,0,0,0,17217,0,0,0,188236
dforsyth,2009-04-11T00:43:52Z,https://avatars.githubusercontent.com/u/72623?u=a82ce0b94602685e1c2966948975e3e1c1cf618f&v=4,2,45,469853,653102,0,0,0,0,6234,15536368,161502,0,42512607,591040,0,76425797,0,0,0,0,0,0,2773642,0,90442,2621340,7540,0,0,698867
thepudding,2009-04-11T01:00:09Z,https://avatars.githubusercontent.com/u/72626?v=4,2,3,122375,10958,0,0,0,0,0,0,542,0,0,0,0,0,0,31737,0,0,0,0,0,0,0,0,0,0,0,0
maxcountryman,2009-04-16T07:44:52Z,https://avatars.githubusercontent.com/u/74351?u=da92ad0c44335144a5b4bca6e6a6d8e73b8c99ce&v=4,2,1167,0,122322,0,0,0,0,0,0,0,0,0,0,0,77472,0,0,0,0,0,0,0,0,0,0,0,0,0,43041
qmathe,2009-04-16T08:21:26Z,https://avatars.githubusercontent.com/u/74360?u=ecdb8d80e9f7226fe107b207e4b2ec28a4631041&v=4,1,19,0,0,0,0,0,0,2284,26518,6235,43164,0,14340,0,0,0,4936154,0,0,0,0,0,0,0,0,0,0,0,468214
Krato,2009-04-16T08:45:42Z,https://avatars.githubusercontent.com/u/74367?u=eb78024e400885816e026b4171e3a2a37ed91254&v=4,1,86,97346,0,0,0,58680,0,0,0,0,0,0,0,0,0,0,0,0,0,0,210595,0,0,14025,65718,0,0,0,1181
nishimotz,2009-04-21T22:32:31Z,https://avatars.githubusercontent.com/u/76300?v=4,2,2484,0,6471471,0,2415,0,0,0,5325676,24935,0,0,0,0,0,15256,0,0,0,0,0,0,0,1900,782,0,0,0,95208
davo,2009-04-21T22:48:40Z,https://avatars.githubusercontent.com/u/76307?v=4,2,78,69547,0,0,0,0,0,0,0,0,0,0,0,0,0,0,0,0,0,0,0,0,0,1319,1629,0,0,0,8660
kristoferjoseph,2009-04-21T22:49:56Z,https://avatars.githubusercontent.com/u/76308?u=c268cdeab43088b8f1f990b7f337935f2005f644&v=4,1,903,277110,0,0,0,0,0,0,0,0,0,0,0,0,0,0,0,0,0,0,0,0,0,16905,62849,0,0,0,0
meera,2009-04-26T23:10:53Z,https://avatars.githubusercontent.com/u/78117?u=125f1df1e58d2317ebd053075785d1983da52df6&v=4,2,33,36591,573,0,0,0,33993,0,0,0,0,0,1525,0,0,0,0,0,0,0,0,0,0,2387,1726,0,0,0,1318
Estella,2009-04-26T23:11:41Z,https://avatars.githubusercontent.com/u/78118?u=c17669223f81543eb8fd9303f8a557dc69bd48cf&v=4,1,3,0,0,0,0,26587,0,0,0,9745,0,0,0,0,0,0,0,0,0,0,0,0,0,0,0,0,0,0,264
aadsm,2009-04-26T23:29:26Z,https://avatars.githubusercontent.com/u/78122?u=1fee07788df3825298f8c4205d7811b696a0aef7&v=4,1,222,701354,0,0,0,0,0,0,0,0,0,0,71,0,0,0,0,0,0,0,0,0,0,2950,609,0,0,0,0
janos,2009-04-27T00:28:50Z,https://avatars.githubusercontent.com/u/78134?u=2153f66c8a13d3942b41831920a52e5b81cfdd91&v=4,2,154,0,0,0,0,0,0,0,0,0,0,549755,0,0,0,0,0,0,0,0,0,0,0,0,0,0,0,0,823
sheldonlendrum,2009-04-30T20:01:32Z,https://avatars.githubusercontent.com/u/79702?u=d8b1b0314ada85004473054080614ec415355d42&v=4,1,35,0,0,0,0,26591,0,0,0,0,0,0,0,0,0,0,0,0,0,0,0,0,0,0,0,0,0,0,0
amotion,2009-04-30T20:18:04Z,https://avatars.githubusercontent.com/u/79704?v=4,1,158,500368,0,0,0,0,0,2672,0,0,247967,0,0,0,0,0,1382,0,0,0,0,0,0,14864,0,0,0,0,0
lstrojny,2009-04-30T20:32:48Z,https://avatars.githubusercontent.com/u/79707?u=124b33f4b5b91bf1f1db9e158c716a7a65cc66c9&v=4,1,1177,211997,0,0,0,29406851,85827,0,355830,83924903,0,0,305750,0,76076,0,0,0,0,0,0,0,0,0,411,0,0,0,76357
ichik,2009-05-04T22:52:17Z,https://avatars.githubusercontent.com/u/80973?v=4,2,346,8242,0,0,0,0,0,0,0,0,0,0,0,0,0,0,0,0,0,0,0,0,24478,8608,7424,0,0,0,147981
codeinthehole,2009-05-04T23:01:17Z,https://avatars.githubusercontent.com/u/80975?u=2fb904596e55d70b81d929ae452ca10eaa48dc56&v=4,1,3219,0,101649,0,0,0,0,0,0,0,0,0,348,0,0,0,0,0,0,0,0,0,0,0,172,0,0,0,733
lucasmazza,2009-05-04T23:04:25Z,https://avatars.githubusercontent.com/u/80978?u=1793cf2a2945d245ee5c1ce7d64cafa7856497f3&v=4,2,657,1322,0,0,0,0,0,1075106,0,0,0,0,10289,0,0,0,0,0,0,0,0,0,0,1182,47334,0,0,0,38722
Orion751,2009-05-04T23:06:01Z,https://avatars.githubusercontent.com/u/80979?v=4,2,9,940,0,0,0,0,0,0,0,0,0,0,0,0,0,0,0,0,0,0,0,0,0,0,5670,0,0,0,0
austinheap,2009-05-04T23:14:33Z,https://avatars.githubusercontent.com/u/80980?v=4,2,34,13180,0,0,0,472660,6931385,0,0,0,0,516153,33120,0,0,0,0,0,0,0,0,0,0,0,656184,0,0,0,292698
hobzcalvin,2009-05-08T01:37:32Z,https://avatars.githubusercontent.com/u/82265?v=4,1,1,1057127,12459,0,0,0,0,0,112679,15979,0,0,247,0,0,0,0,0,0,0,0,0,0,43357,11500,0,0,0,3309149
dany-eudes,2009-05-08T02:28:36Z,https://avatars.githubusercontent.com/u/82278?v=4,1,26,0,0,0,0,1361150,0,0,0,0,0,0,0,0,0,0,0,0,0,0,0,0,0,0,0,0,0,0,28647
tback,2009-05-11T21:56:13Z,https://avatars.githubusercontent.com/u/83432?u=cca0b203dbf62590df59106cebe24cd5a9288763&v=4,1,44,0,14645,0,0,1605,0,0,0,0,0,0,0,0,0,0,0,0,0,0,0,0,0,0,0,0,0,0,0
dleffler,2009-05-11T22:08:27Z,https://avatars.githubusercontent.com/u/83437?v=4,2,413,729803,0,0,0,11395904,0,73259,0,0,0,0,479,0,0,0,0,0,0,0,0,0,0,386930,0,0,0,0,6279994
effigies,2009-05-11T22:42:37Z,https://avatars.githubusercontent.com/u/83442?u=3e562b1b8f4d91b7f421a3b7934582c76f7cf298&v=4,1,3535,0,3000632,0,0,0,0,0,0,0,0,0,7263,0,0,2988,0,0,2702,0,0,0,0,0,3051357,0,0,0,138536
jhamrick,2009-05-11T22:44:38Z,https://avatars.githubusercontent.com/u/83444?u=d15e583f1f59f6a235a6252e14d37b6a8a790016&v=4,2,0,410725,5379526,0,0,0,154245,0,0,0,0,0,15578,0,0,0,0,0,0,0,0,0,0,41133,647357,0,0,0,2842277
PMudra,2009-05-15T02:48:59Z,https://avatars.githubusercontent.com/u/84765?u=9817c0463363f6b4ac0b0abe30a837622b2a06d5&v=4,2,1,6387,0,0,174541,0,5777,0,0,0,0,0,0,0,0,0,0,0,0,0,0,0,0,0,0,0,0,0,8152
dark-panda,2009-05-15T03:47:06Z,https://avatars.githubusercontent.com/u/84783?v=4,2,21,0,0,0,0,0,0,758070,0,0,0,0,0,0,0,0,0,0,0,0,0,0,0,0,0,0,0,0,0
gustavosbarreto,2009-05-20T14:57:54Z,https://avatars.githubusercontent.com/u/86747?u=2eaf625c849cc519ed000c0f8b8408f2174f56ae&v=4,1,546,2445,12644,15534,0,0,160719,0,73396,520,0,1274738,29339,0,0,0,0,0,0,0,451193,0,0,36,1366,0,0,0,17454
lucascaton,2009-05-20T15:18:49Z,https://avatars.githubusercontent.com/u/86755?u=ef7c0ecdb77b5775375e03cf832f828855aa423f&v=4,1,2105,6978,0,0,0,0,0,52903,0,0,0,0,104680,0,0,0,0,0,0,0,0,0,0,276,0,0,0,0,115800
vsayer,2009-05-25T18:50:51Z,https://avatars.githubusercontent.com/u/88426?u=24fb28f15b8adc254ca60407ba80cb995bdd88a7&v=4,2,5,104330,2170133,6930,0,2660187,40503,0,0,0,0,2147085,446481,0,30425598,0,0,0,0,0,1418970,0,0,1804,20155,0,0,0,858825
vrialland,2009-05-29T08:32:35Z,https://avatars.githubusercontent.com/u/89838?v=4,1,325,375700,1041107,0,0,0,0,0,0,0,0,0,234,0,0,0,0,0,0,0,0,0,0,93397,104530,0,0,0,40947
damoun,2009-05-29T09:01:26Z,https://avatars.githubusercontent.com/u/89846?u=1b19bdcbb126bb9e2c8f0ae9268b05d7666112cb&v=4,1,1051,0,7149,0,0,0,0,0,0,0,0,8630,196,0,3289,0,0,0,0,0,0,0,0,0,0,0,0,0,437
tyok,2009-05-29T09:57:45Z,https://avatars.githubusercontent.com/u/89855?v=4,2,695,36938,0,0,0,0,0,2117,0,0,0,0,0,0,0,0,0,0,0,0,0,0,0,0,0,0,0,0,702
knuckolls,2009-06-02T21:25:19Z,https://avatars.githubusercontent.com/u/91188?u=0be82d4c436daa2b1fc85788ff17e92a1f6d540c&v=4,1,409,0,0,0,0,0,0,474,0,0,0,0,0,0,0,0,0,0,0,0,0,0,0,0,0,0,0,0,0
poppa,2009-06-05T21:22:12Z,https://avatars.githubusercontent.com/u/92401?u=e0e1e96a758b2c098e7ff6b3dfe54786d4dbd395&v=4,1,193,30529,0,0,0,0,196744,0,0,0,0,0,0,0,0,0,0,0,0,0,0,0,0,0,955,0,0,0,6335
Mononofu,2009-06-05T21:53:36Z,https://avatars.githubusercontent.com/u/92408?u=6dab7f8538b301d6df172b76c58eb25b0c87ca68&v=4,1,13,0,22551,0,0,0,0,0,0,14827,0,0,510,12079,20589,0,0,0,0,0,0,0,0,143,674680,0,0,0,630706
franckrasolo,2009-06-11T13:49:08Z,https://avatars.githubusercontent.com/u/94347?u=11cea8ad7330e0d67b435e8a15f7988f6a3a6bee&v=4,1,237,190823,0,6652916,0,0,0,0,1888285,2624190,4257359,0,35341,73456988,8162,0,0,0,0,0,0,0,0,11368,0,0,0,0,38050
paulocheque,2009-06-11T13:59:26Z,https://avatars.githubusercontent.com/u/94350?u=1bf3260f296f324b70c45a1fe38a08ba2ee93287&v=4,1,934,1017,333273,822,0,0,0,2469,0,0,0,0,0,0,0,0,0,0,0,0,0,0,0,0,0,0,0,0,13888
iammikek,2009-06-11T14:39:17Z,https://avatars.githubusercontent.com/u/94362?v=4,2,8,78247,0,0,0,0,0,0,0,0,0,0,0,0,0,0,0,0,0,0,0,0,0,221824,16666,0,0,0,0
santoshgs,2009-06-16T08:56:07Z,https://avatars.githubusercontent.com/u/95829?v=4,1,0,1445,0,263726,0,0,0,0,89098,26095,0,0,0,0,0,0,0,0,0,0,0,0,0,0,0,0,0,0,0
ellefsen,2009-06-16T09:25:34Z,https://avatars.githubusercontent.com/u/95847?u=b71a40bb7588ea0d105b82903ba5e09557f40e07&v=4,2,0,38261,0,0,0,426976,0,0,0,0,0,0,0,0,0,0,0,0,0,0,0,0,0,35240,0,0,0,0,6
kixxauth,2009-06-21T16:47:17Z,https://avatars.githubusercontent.com/u/97557?u=014baad39988cbb7b68b1cc6b7c4461ed41f7b83&v=4,1,45,378124,0,0,0,0,0,0,0,0,0,0,0,0,0,0,0,0,0,0,0,0,0,0,1584,0,0,0,0
tobibeer,2009-06-21T17:28:53Z,https://avatars.githubusercontent.com/u/97566?v=4,2,0,2580777,0,0,0,0,0,0,0,0,0,0,25482,0,0,0,0,0,0,0,0,0,0,4993,3099,0,0,0,45392
jcsjcs,2009-06-27T18:07:19Z,https://avatars.githubusercontent.com/u/99515?v=4,2,134,847,0,0,0,0,0,303087,6669,10144826,0,0,5995,0,0,0,0,0,0,0,0,0,0,35210,43380,0,0,0,14415
chaosk,2009-06-27T18:37:41Z,https://avatars.githubusercontent.com/u/99521?u=609c374f0a0117331451f31c1c92a257fdbfa703&v=4,2,367,2865,193142,0,0,0,0,0,493,17556,0,0,870,0,0,0,0,0,0,0,0,0,0,35917,113453,0,0,0,12105
tino,2009-06-27T18:59:00Z,https://avatars.githubusercontent.com/u/99524?u=00988bed7b7d06cda5e82070d9477c8f1cb0daef&v=4,2,908,0,53262,0,0,0,0,0,0,0,0,0,0,0,0,0,0,0,0,0,0,0,0,0,0,0,0,0,0
couch,2009-07-01T04:11:30Z,https://avatars.githubusercontent.com/u/100562?u=70df8bec10082ccedf9151b3d213b0bf707b9de2&v=4,2,4,74089,0,0,0,0,0,0,0,0,0,0,0,0,0,0,0,0,0,0,0,0,0,16449,4843,0,0,0,0
nojimage,2009-07-01T04:18:01Z,https://avatars.githubusercontent.com/u/100564?v=4,1,101,0,0,0,0,626908,0,0,0,0,0,0,444,0,0,0,0,0,0,0,0,0,0,0,0,0,0,0,1307
Koka,2009-07-01T05:40:55Z,https://avatars.githubusercontent.com/u/100578?u=3eb24fc1a60558bade8d388ff0634164195f457e&v=4,2,651,817,0,0,0,0,22860,0,0,0,0,0,3540,0,241273,0,0,0,0,0,0,0,0,3922,1209,0,0,0,0
areslp,2009-07-01T05:41:28Z,https://avatars.githubusercontent.com/u/100579?v=4,1,10,0,349093,0,0,0,0,0,0,0,0,0,621,0,0,0,0,0,0,0,0,0,0,0,0,0,0,0,172454582
TimothyBritt,2009-07-06T02:48:55Z,https://avatars.githubusercontent.com/u/101980?u=71328f29a3ba8235b17953e6e2c19ebd6a4d115d&v=4,2,33,1133,0,0,0,0,63795,1176548,0,0,0,0,1827,0,0,0,0,0,0,0,0,0,0,0,0,0,0,0,34312
jvalentino,2009-07-10T02:13:01Z,https://avatars.githubusercontent.com/u/103475?u=310019d62695aa7693ffa49aae2204ad62db7aca&v=4,1,799,0,0,0,0,0,0,0,0,0,0,0,21378,0,0,0,0,0,0,0,0,0,0,0,0,0,0,0,5316
owise1,2009-07-15T22:16:16Z,https://avatars.githubusercontent.com/u/105414?u=3172b7318ed7f77bb30a30cb272f8a7146d502d4&v=4,2,59,33800,0,0,0,0,0,0,0,0,0,0,0,0,0,0,0,0,0,0,0,0,0,0,0,0,0,0,0
adamskt,2009-07-15T22:17:55Z,https://avatars.githubusercontent.com/u/105415?u=33fde9e85266a74245cbade36bf24ee556bf267e&v=4,1,128,2912864,0,0,158923,0,0,0,0,0,0,0,6674,0,0,600126,0,0,0,0,0,0,0,0,0,0,0,0,206
james-w,2009-07-15T22:48:47Z,https://avatars.githubusercontent.com/u/105423?v=4,2,4,581,626809,0,0,0,0,0,1398691,50820735,0,7521,90056,0,0,0,0,0,0,0,0,13245,0,0,0,0,0,0,2477786
kenpower,2009-07-15T23:13:42Z,https://avatars.githubusercontent.com/u/105429?u=543ee20516a5c022fad84f5a8228eb68c14d5c70&v=4,2,384,601572,13676,0,0,0,433331,0,16634,101,0,0,163,0,0,0,0,0,0,0,0,0,0,14439,24126,0,0,0,57090
joeatwork,2009-07-20T13:52:15Z,https://avatars.githubusercontent.com/u/106866?u=a1c3fa7daed080aa334225d2d36057f81b35ea2b&v=4,2,1646,461085,0,0,0,0,122864,1432,0,44635,0,0,1619,0,61537,0,0,0,0,0,0,0,0,6882,1226,0,0,0,2017
daniellmb,2009-07-23T15:59:00Z,https://avatars.githubusercontent.com/u/108018?u=6e71ea075fc8ff5f68c11e836fe8bb591ba388cb&v=4,1,0,62369,0,0,0,0,0,0,0,0,0,0,2342,0,0,0,0,0,0,0,0,0,0,0,7579,0,0,0,5145
jarodms,2009-07-23T16:20:16Z,https://avatars.githubusercontent.com/u/108023?u=f439142b9cf9adc10a4074b891bfd328ca37c6e9&v=4,1,4,23097,0,0,0,0,128669,0,0,0,0,0,0,0,0,0,0,0,0,0,0,0,0,19467,29745,0,0,0,0
kalyaka,2009-07-23T16:23:09Z,https://avatars.githubusercontent.com/u/108025?v=4,1,5,5339,0,0,0,0,0,0,0,0,0,0,0,0,0,0,0,0,0,0,0,0,0,239,918,0,0,0,0
paulbakker,2009-07-28T15:09:33Z,https://avatars.githubusercontent.com/u/109484?v=4,1,30,5764,16507,265132,0,0,5966,0,0,0,0,0,0,2473208,0,0,0,0,0,0,0,0,0,0,18522,0,0,0,3599
sul4bh,2009-07-28T15:12:11Z,https://avatars.githubusercontent.com/u/109486?u=511dcb4d6829c93bc3f33a92e9745477d04ffd70&v=4,2,25,0,13092,0,0,0,0,0,0,0,0,0,0,0,0,0,0,0,0,0,0,0,0,0,0,0,0,0,0
jenseng,2009-07-28T15:18:43Z,https://avatars.githubusercontent.com/u/109489?u=77525acc2526cc835b5b4c68f16b46d0aa4e988c&v=4,1,809,30710252,3832,0,0,0,42986,43161822,0,0,0,0,133368,0,0,0,0,0,0,0,0,0,0,12198,2150156,0,0,0,162922
rkoopmann,2009-07-28T15:19:05Z,https://avatars.githubusercontent.com/u/109490?v=4,2,231,0,0,0,0,0,0,0,0,0,0,8085,0,0,0,0,0,0,0,0,0,0,0,0,0,0,0,0,0
chrismathew,2009-07-28T16:03:10Z,https://avatars.githubusercontent.com/u/109504?v=4,1,56,790866,87693,2471977,0,0,0,0,0,0,0,0,23641,0,0,0,7456,0,0,0,0,0,0,45772,81099,0,0,0,24341
bojanrajkovic,2009-07-31T20:04:28Z,https://avatars.githubusercontent.com/u/110747?v=4,2,328,1713,0,0,652292,0,15894,11616,0,0,0,0,0,0,0,685,0,0,0,0,0,0,0,0,20024,0,0,0,0
elipapa,2009-08-06T17:04:59Z,https://avatars.githubusercontent.com/u/112610?u=79be364aa9002041fd1e797b4046838339f08fb5&v=4,1,7,22662,87637,0,0,0,0,306,0,0,0,0,787,0,0,0,0,0,0,0,0,0,0,106035,47948,0,0,0,396
denis-sokolov,2009-08-10T11:04:55Z,https://avatars.githubusercontent.com/u/113721?u=c34190e6f6a81c35d4b38ed905f6b64a5529650f&v=4,2,2604,38856,0,0,0,206293,143479,0,0,0,0,0,688,0,0,0,0,0,0,0,0,0,0,11166,1683,0,0,0,0
louposk,2009-08-10T11:05:54Z,https://avatars.githubusercontent.com/u/113723?v=4,2,10,0,3455,0,0,0,0,0,0,0,0,0,0,0,0,0,0,0,0,0,0,0,0,0,0,0,0,0,0
llcheesell,2009-08-10T11:08:38Z,https://avatars.githubusercontent.com/u/113725?u=290fd1c0dda2fefba19ffea83300e9fadf181ff7&v=4,2,1632,0,0,0,0,0,0,0,0,0,0,0,0,0,0,0,0,0,0,0,0,0,0,0,0,0,0,0,14640
miorimmax,2009-08-13T01:31:02Z,https://avatars.githubusercontent.com/u/114787?v=4,1,627,0,0,0,0,0,0,0,0,0,0,0,997,0,0,0,0,0,0,0,0,0,0,0,0,0,0,0,12034
ev0l,2009-08-13T01:46:43Z,https://avatars.githubusercontent.com/u/114791?u=544cd70edfd55dfb8663df51551ebfae557011f5&v=4,2,287,471969,217,0,0,226457,0,0,0,956,0,2092,448,0,0,0,58114,0,0,0,0,0,0,5560,0,0,0,0,0
abdumu,2009-08-13T01:53:37Z,https://avatars.githubusercontent.com/u/114794?v=4,1,5,61218,0,0,0,155357,0,0,0,0,0,0,0,0,0,0,0,0,0,0,0,0,0,4010311,15125,0,0,0,6838
equant,2009-08-13T03:08:35Z,https://avatars.githubusercontent.com/u/114806?u=39b6bcccfe19c86b58194ad9d11a94e8b463afaa&v=4,1,2,0,181843,0,0,0,0,0,62091,4423,0,0,6545,0,0,0,0,0,0,0,0,0,0,0,0,0,0,0,10545
etandel,2009-08-17T11:06:15Z,https://avatars.githubusercontent.com/u/116066?u=13a52114f2e865f0622bf7e2ba21bfd22a163e01&v=4,2,1300,4237,0,0,0,0,0,22808,0,0,0,0,8801,0,21911,0,0,0,0,0,0,0,0,14039,4432,0,0,0,125184
russellquinn,2009-08-17T11:24:51Z,https://avatars.githubusercontent.com/u/116075?u=60a35dde898687f07b9171b20bd71f771f7b4016&v=4,1,289,1783,0,0,0,0,0,72741,0,0,0,0,0,0,0,0,0,0,0,0,0,0,0,686,24665,0,0,0,6555
saterus,2009-08-26T05:59:41Z,https://avatars.githubusercontent.com/u/119613?u=d93190136b2d01200e3134af802c6d5b769b7a2d&v=4,1,5,0,0,0,0,0,0,914,0,0,0,0,0,0,10488,0,0,0,0,0,0,0,0,0,0,0,0,0,0
dillera,2009-09-05T02:56:29Z,https://avatars.githubusercontent.com/u/123479?u=329e379a3484d0808b4e316f728b11a9210cf89f&v=4,2,111,13109,173729,0,0,20422,0,0,1549844,5003396,0,0,57596,0,0,0,0,0,0,0,0,491711,0,0,258076,57765,0,0,683680
danielbodart,2009-09-05T05:39:36Z,https://avatars.githubusercontent.com/u/123496?v=4,2,258,0,0,1370497,0,0,296355,0,0,0,0,0,4299,0,0,0,0,0,0,0,0,0,0,0,355,0,0,0,66
ludvigsen,2009-09-08T21:42:52Z,https://avatars.githubusercontent.com/u/124673?u=444125fd93b992b3329c2edd67b6ac0748221048&v=4,2,6,11894,0,0,0,0,0,0,0,0,0,0,109,0,0,0,0,0,0,0,0,0,0,2905,603,0,0,0,83298
BonsaiDen,2009-09-08T21:43:01Z,https://avatars.githubusercontent.com/u/124674?u=087a87dbf07636b13d0bb96918ddbd0a351db5db&v=4,2,6,218500,0,0,0,0,0,0,0,0,0,0,668,0,465290,0,0,0,0,0,0,275058,0,11648,2864,0,0,0,1592
Zoxive,2009-09-08T21:54:11Z,https://avatars.githubusercontent.com/u/124676?v=4,2,398,0,7706,0,343527,5947,0,0,44889,6283906,0,0,10926,0,0,0,525,0,0,0,0,0,0,0,28017,0,0,0,49838
mikejablonski,2009-09-12T19:57:03Z,https://avatars.githubusercontent.com/u/126197?v=4,1,0,77700,6264,0,0,0,0,0,0,0,0,0,0,0,0,0,0,0,0,0,0,0,0,404,1590,0,0,0,0
henriklindgren,2009-09-12T19:58:38Z,https://avatars.githubusercontent.com/u/126198?v=4,1,18,0,17415,0,0,0,0,0,0,171,0,0,0,0,0,0,0,0,0,0,0,0,0,0,0,0,0,0,2826
laCour,2009-09-12T20:08:16Z,https://avatars.githubusercontent.com/u/126202?u=1fc265642b0163d18277bffcdd33cf7fd3f29e59&v=4,1,47,4899,1098,0,0,0,0,190733,11174,1684,0,0,2727,0,0,0,0,0,0,0,0,0,0,4929285,37598,0,0,0,5308
kadirpekel,2009-09-12T20:09:21Z,https://avatars.githubusercontent.com/u/126203?u=db10582bb7386fb094dbb9ac57237b6c91f27321&v=4,1,125,0,60897,0,0,0,0,0,0,91610,0,0,0,0,0,0,0,0,0,0,0,0,0,0,0,0,0,0,1499
dos1,2009-09-12T20:12:44Z,https://avatars.githubusercontent.com/u/126204?u=42e965fef6f5b81bbca0bb2fcf29e6fc9f80a556&v=4,2,144,187,13611,0,0,0,0,0,46438,463924,0,0,2162,0,18120,0,0,0,0,0,0,0,0,0,0,0,0,0,101058
kevzettler,2009-09-12T20:20:16Z,https://avatars.githubusercontent.com/u/126209?v=4,2,675,51316,0,0,0,0,314123,0,0,0,0,0,882,0,0,0,0,0,0,0,0,0,0,8111,1520,0,0,0,14219
takeratta,2009-09-12T20:36:59Z,https://avatars.githubusercontent.com/u/126213?u=1bd4e2bdbe3ecc52cddaea3a82bb8e3cbac085b0&v=4,2,548,7949735,109032,1599,0,0,0,3860,2121537,1294767,48516,0,25298,0,0,0,4654,5359,0,0,0,0,0,0,165915,0,0,0,168998
pelotom,2009-09-17T07:47:13Z,https://avatars.githubusercontent.com/u/128019?u=ecba76f9b2bd3ad80b74433a6e83deb0822256e3&v=4,1,11,4156863,0,0,0,0,4942371,0,0,0,0,0,0,0,0,0,0,0,0,0,0,0,0,2573,2201,0,0,0,0
mxey,2009-09-17T07:49:05Z,https://avatars.githubusercontent.com/u/128020?u=487500fbdc3ff39609237bc36f2d5aedc3954887&v=4,2,12,32316,30652,0,0,0,7904798,69411,0,3902,0,68293116,1906542,0,0,146830,0,0,0,0,0,0,0,3572,149117,0,0,0,380084
dnesteryuk,2009-09-17T08:05:38Z,https://avatars.githubusercontent.com/u/128024?u=3d87836619fabf1d204377d2b8567399609ca313&v=4,2,956,950,0,0,0,0,0,1154201,0,0,0,0,470,0,0,0,0,0,0,0,0,0,0,0,872,0,0,0,80133
scottswezey,2009-09-22T00:32:00Z,https://avatars.githubusercontent.com/u/129733?u=4549de2ef9b4416382e115b9018962f933cfceee&v=4,1,1,6230,0,0,0,0,0,0,0,0,57313,0,0,0,0,0,0,0,0,0,0,0,0,11303,6644,0,0,0,63024
nblock,2009-09-25T07:25:57Z,https://avatars.githubusercontent.com/u/131119?v=4,1,36,0,204479,0,0,0,0,0,0,0,0,0,963,0,0,0,0,0,0,0,0,0,0,0,0,0,0,0,19348
tsuyo,2009-09-25T07:38:39Z,https://avatars.githubusercontent.com/u/131123?u=4ffbcccbfd1752d2e382ae14f34e3c198ddd7f42&v=4,2,31,183,6867,121631,0,0,0,0,0,0,0,0,8375,0,0,0,0,0,0,0,0,0,0,0,0,0,0,0,27303
jeromyanglim,2009-09-29T05:02:48Z,https://avatars.githubusercontent.com/u/132546?v=4,2,11,0,0,0,0,0,0,0,0,0,0,0,0,0,0,0,0,50679,0,0,0,0,0,0,1021027,0,0,0,41172
xell,2009-09-29T05:39:31Z,https://avatars.githubusercontent.com/u/132558?u=d512f16cc3e00024d6b6a09ee0a47d5cff0300b6&v=4,1,161,0,48344,0,0,2302,0,78,0,0,0,0,1209,0,0,0,0,0,0,0,0,0,0,6320,0,0,0,0,20573
theRemix,2009-09-29T05:58:14Z,https://avatars.githubusercontent.com/u/132562?u=0e7dcaa579a8f7a423b6a116c4fea71532811ce4&v=4,1,280,13434,2699,0,0,0,0,0,0,0,0,3976,552,0,0,0,0,0,0,0,0,0,0,0,931,0,0,0,605
muthuishere,2009-09-29T06:04:01Z,https://avatars.githubusercontent.com/u/132564?u=bda24db7191f1fa4f4342b0e010c7cc3b6d49d7c&v=4,1,241,275072,95778,62411,0,0,0,0,0,0,0,0,361,0,0,0,0,0,0,0,0,0,0,41262,30373,0,0,0,114177
khamutov,2009-10-05T08:52:43Z,https://avatars.githubusercontent.com/u/135157?u=f16e4d9d72ff0cd94044654df7f1253701d8c322&v=4,1,599,0,798495,1420865,0,0,0,0,0,0,0,0,26433,0,0,2686,0,0,0,0,0,0,0,7400,57114,0,0,0,12295534
austinjan,2009-10-05T08:58:51Z,https://avatars.githubusercontent.com/u/135158?u=51d4490271e044b3888d4d10a62c5b27654d9d01&v=4,1,31,0,0,0,0,0,0,0,0,0,0,2170,0,0,0,0,0,0,0,0,0,0,0,0,0,0,0,0,0
lemmingz,2009-10-05T09:41:42Z,https://avatars.githubusercontent.com/u/135170?v=4,2,0,0,0,0,0,8820,0,0,0,0,0,0,0,0,0,0,0,0,0,0,0,0,0,0,0,0,0,0,0
dotted,2009-10-08T19:59:34Z,https://avatars.githubusercontent.com/u/136996?u=db87544366c12bf2b4ac7366aa336bffdf730452&v=4,1,1102,244211,0,0,0,0,0,0,28462,1728022,0,0,0,0,0,0,0,0,0,0,0,0,0,0,1663,0,0,0,11650
ramnivas,2009-10-08T20:09:25Z,https://avatars.githubusercontent.com/u/137002?u=271157450ce654e69f06fbca943335007e2d6c87&v=4,2,1233,25309,0,0,0,0,108695,0,0,0,0,0,16586,0,1718554,1404,0,0,0,0,0,0,0,5401,745,0,0,0,2636
ckaiser,2009-10-11T15:24:14Z,https://avatars.githubusercontent.com/u/138269?u=fc2cdd9115abc20357db3b2316e7bfdf87be403a&v=4,2,3,0,0,0,0,0,0,0,239390,0,0,0,0,0,0,0,0,0,0,0,0,0,0,0,0,0,0,0,2956
Naxo,2009-10-11T15:49:03Z,https://avatars.githubusercontent.com/u/138282?u=109e6f493411fcacc8e33a5bc8531ad179e47878&v=4,2,4,39188,0,0,0,0,0,0,4686,201529,0,0,0,0,0,0,288651,0,0,0,15084,0,0,0,211,0,0,0,41409
freeatnet,2009-10-11T16:25:09Z,https://avatars.githubusercontent.com/u/138289?v=4,2,1472,11382,0,0,0,0,92892,0,31540,0,0,0,136,0,0,0,121664,0,0,0,0,0,0,1048,1721,0,0,0,0
erikriver,2009-10-13T23:38:00Z,https://avatars.githubusercontent.com/u/139450?v=4,1,376,510580,2488793,0,0,0,0,0,0,0,0,0,5777,0,0,0,0,0,0,0,0,0,0,39124,0,0,0,0,176556
peteshand,2009-10-13T23:59:28Z,https://avatars.githubusercontent.com/u/139457?v=4,2,23,2526792,1084,0,3440,0,0,0,676677,206747,0,0,0,0,0,0,27892,0,0,0,0,0,0,0,9142,0,0,0,23837740
joshsurber,2009-10-14T00:25:09Z,https://avatars.githubusercontent.com/u/139460?v=4,1,371,7595,16415,0,0,0,0,0,0,0,0,0,19108,0,0,0,0,0,0,0,0,0,0,50670,50783,0,0,0,114673
outaTiME,2009-10-16T02:54:58Z,https://avatars.githubusercontent.com/u/140472?v=4,1,217,374405,0,0,0,0,0,3575,0,0,17586,0,79,0,0,0,327,0,0,0,0,0,0,0,7001,0,0,0,9362
jun1st,2009-10-16T02:59:13Z,https://avatars.githubusercontent.com/u/140474?u=35cbf5ee6ac0d23feb6b501666c5a6dcbc213b77&v=4,2,110,0,0,61207,0,0,0,0,0,0,0,0,0,0,0,0,0,0,0,0,0,0,0,0,0,0,0,0,0
marco-mendes,2009-10-16T03:24:28Z,https://avatars.githubusercontent.com/u/140483?v=4,2,44,42038,0,1925686,3032,0,383176,0,0,0,0,0,30237,0,0,0,0,0,0,0,0,0,0,162466,207857,0,0,0,27420
elpaso,2009-10-20T15:01:27Z,https://avatars.githubusercontent.com/u/142164?u=90a3ff628d57bc0c14bf0513b33e9a23bbcd58da&v=4,2,742,74965,177774,0,0,0,0,0,0,0,0,0,9246,0,0,0,0,0,0,0,53924,0,0,1520,15593,0,0,0,30543
4lb0,2009-10-20T15:15:33Z,https://avatars.githubusercontent.com/u/142173?u=1cbe1b964b19fc304e44fc737029f2979b965f36&v=4,1,295,11556,301,0,0,12026,0,0,0,0,0,0,6315,0,0,0,0,0,0,0,0,0,0,0,9915,0,0,0,18817
pboonphong,2009-10-20T15:18:32Z,https://avatars.githubusercontent.com/u/142174?u=bdb2a6d22730935192eaafd05833c62dcbf86898&v=4,2,0,0,0,3948859,0,0,0,0,0,0,0,0,11029,151267,0,0,0,0,0,0,0,0,0,24683,15281,0,0,0,16544
joshholl,2009-10-20T15:19:14Z,https://avatars.githubusercontent.com/u/142175?v=4,2,80,6369,0,0,0,0,0,0,0,0,0,0,5656,0,0,0,0,0,0,0,0,0,0,0,2222,0,0,0,0
scottlittlewood,2009-10-24T15:57:28Z,https://avatars.githubusercontent.com/u/144106?v=4,2,21,0,0,0,15737,0,0,0,0,0,0,0,0,0,0,0,0,0,0,0,0,0,0,0,2525,0,0,0,0
gahooa,2009-10-24T16:19:06Z,https://avatars.githubusercontent.com/u/144110?v=4,1,59,0,64,0,0,0,0,0,0,0,0,0,376,0,0,0,0,0,0,0,0,0,0,0,0,0,0,0,191
berkgaut,2009-10-24T16:34:00Z,https://avatars.githubusercontent.com/u/144115?v=4,2,45,0,47191,0,0,0,0,0,0,0,0,0,5192,0,0,0,0,0,0,0,0,0,0,0,0,0,0,0,4504
swernerx,2009-10-27T10:15:01Z,https://avatars.githubusercontent.com/u/145201?u=7c483b5ab4b8b3ca69ecf287d2916bc60a38c664&v=4,1,273,14856385,0,0,0,3979,5221,0,0,0,0,0,2595,0,0,0,0,0,0,0,0,0,0,12186,78149,0,0,0,125391
ssahani,2009-10-27T10:37:06Z,https://avatars.githubusercontent.com/u/145210?u=2989d62c28921717c592dde87e3c8d6fa2e8d326&v=4,2,2285,0,217686,0,0,0,0,0,0,11405706,0,174789,23815,0,0,0,0,0,0,0,0,0,0,0,0,0,0,0,175171
screaminbug,2009-10-27T10:49:23Z,https://avatars.githubusercontent.com/u/145213?v=4,2,38,0,1642767,60534,0,0,0,0,2947856,10373067,0,0,22436,0,0,0,0,0,0,0,0,88882,0,0,0,0,0,0,153384
sohale,2009-10-27T10:52:49Z,https://avatars.githubusercontent.com/u/145215?v=4,2,1380,336297,1362901,168215,0,0,0,0,1769661,0,0,0,76590,0,0,0,0,0,43,0,0,0,0,0,318520,0,0,0,32937
calvincestari,2009-10-30T18:39:05Z,https://avatars.githubusercontent.com/u/146856?u=944762497e54a74a03a03d12ac51f18ef2d54305&v=4,2,539,4144,0,0,0,0,45793,2643,1405259,31163,3541290,0,4357,0,0,0,2117,0,0,0,0,0,0,0,0,0,0,0,719
saeedjabbar,2009-10-30T18:39:07Z,https://avatars.githubusercontent.com/u/146857?u=54d9c8cf3e4c3a3f612187a8a522945f337acbfd&v=4,1,272,10172,0,0,0,0,0,0,0,0,0,0,333,0,0,0,0,0,0,0,0,0,0,1425,2510,0,0,0,140896
bd,2009-10-30T19:02:31Z,https://avatars.githubusercontent.com/u/146863?v=4,1,3,0,13457,0,0,0,0,34231,79020,1244309,0,0,67800,0,0,0,0,0,0,0,0,0,0,3850,2513,0,23172,0,130293
Mitchlol,2009-10-30T19:04:51Z,https://avatars.githubusercontent.com/u/146864?u=73fb956ddb473f039aabb12cbf096cfa0099f82a&v=4,1,84,60178,617,5310,0,0,0,0,5294897,12400741,1372,0,31096,131,0,0,228495,0,0,71867,0,292959,0,32656,984930,0,0,0,531967
wacko,2009-10-30T19:10:00Z,https://avatars.githubusercontent.com/u/146866?v=4,2,112,2239,0,0,0,0,0,8745,0,0,0,0,0,0,0,0,0,0,0,0,0,0,0,116,698418,0,0,0,137
potatono,2009-11-02T21:18:59Z,https://avatars.githubusercontent.com/u/147967?v=4,2,6,326945,0,64720,0,0,0,596,0,0,130581,0,726,0,0,0,0,0,0,0,0,0,0,3072,25447,0,0,0,130
neoneye,2009-11-02T21:25:42Z,https://avatars.githubusercontent.com/u/147971?u=2dfea3e473a94eafbf750fffd90f6f0dbdd946f3&v=4,1,3748,804097,0,0,0,0,0,149782,0,13359,1402791,0,2341,0,3664741,0,230670,0,0,0,0,74249,0,21342,582470,0,0,0,4675
tompccs,2009-11-04T21:29:38Z,https://avatars.githubusercontent.com/u/149001?u=8984500e0b5aae311620df04c0b55cd37386abe5&v=4,1,0,0,42155,0,0,0,0,0,0,9790823,0,0,0,0,0,0,1153,0,0,0,0,0,0,0,0,0,0,0,0
rstarkov,2009-11-04T21:31:31Z,https://avatars.githubusercontent.com/u/149002?u=84c8133c0148f0552f636aa1255e48a1288def69&v=4,1,821,0,0,0,281608,0,0,0,89014,1071573,0,0,0,0,0,0,2354,0,0,0,0,0,0,0,0,0,0,0,57
sskl,2009-11-04T21:33:11Z,https://avatars.githubusercontent.com/u/149003?v=4,1,1,51779,0,0,0,252215,0,0,0,0,0,0,0,0,0,15265,0,0,0,0,89177,0,0,0,0,0,0,0,3629
zloether,2009-11-04T21:40:09Z,https://avatars.githubusercontent.com/u/149006?u=d81fad823d8ed3632c9a66515a77528db8435a7f&v=4,1,86,0,67672,0,0,0,0,0,0,0,0,0,198,0,0,0,0,0,0,0,0,0,0,1011,1645,0,0,0,202
jayarjo,2009-11-07T09:55:24Z,https://avatars.githubusercontent.com/u/150075?v=4,2,718,1385612,0,0,430351,25371,13933119,0,0,0,0,0,1883,0,0,0,0,0,0,0,0,0,0,17855,519384,0,0,0,317904
kobi,2009-11-07T10:32:08Z,https://avatars.githubusercontent.com/u/150083?v=4,2,4,0,0,0,96148,0,0,0,0,0,0,7084,0,0,0,0,0,0,0,0,0,0,0,0,0,0,0,0,0
mogelbrod,2009-11-07T10:39:24Z,https://avatars.githubusercontent.com/u/150084?u=a0b749a09bfdcb0b566c2976b10fe04899207b1e&v=4,1,1833,17152,8500,0,0,0,24170,2087,0,0,0,0,23116,0,0,0,0,0,0,0,0,0,0,0,0,0,0,0,475712
baalberith,2009-11-07T10:47:47Z,https://avatars.githubusercontent.com/u/150085?v=4,2,0,57042,0,0,0,0,0,45683,0,0,0,0,0,0,0,0,0,0,0,0,0,0,0,0,10144,0,0,0,212706
Raz0r,2009-11-07T10:52:23Z,https://avatars.githubusercontent.com/u/150087?u=c11ecf5254dfa82d48771cc2b453967d402f6679&v=4,2,349,145350,7437,0,0,0,0,0,0,0,0,0,0,0,0,0,0,0,0,0,0,0,0,2904,647,0,0,0,827564
ziglee,2009-11-07T11:09:34Z,https://avatars.githubusercontent.com/u/150091?v=4,2,11,1509664,0,172400,0,0,0,0,10576,0,0,0,0,0,0,0,0,0,0,0,0,0,0,15114,0,0,0,0,79631
